confDC0,confDC1,confVDL0,confVDL1,perDC0 [ps],perDC1 [ps],perVDL0 [ps],perVDL1 [ps],n,cntMean,cntVar
8192,1,0,61567,14661.297539149888,13975.348658677016,381.3092377422602,147.85395631612266,1,11.3209228515625,0.2179313749074936
8192,1,0,61567,14664.578205415082,13979.522184300342,381.4654896432259,147.9045427114539,2,15.593460083007812,0.2568291777279228
8192,1,0,61567,14666.547309999105,13990.265562291863,381.7227850106707,147.8270755249828,4,24.501144409179688,0.33450186415575445
8192,1,0,61567,14656.707071610681,13979.522184300342,381.4304106010835,147.68889061160544,8,42.205108642578125,0.836439966224134
8192,1,0,61567,14658.674062807551,13974.156680455457,381.3394127922336,147.7278413873289,1,11.359771728515625,0.23033603187650442
8192,1,0,61567,14662.609629497047,13978.32949407047,381.4472832590647,147.80480455827706,2,15.484664916992188,0.2553190344478935
8192,1,0,61567,14664.578205415082,13988.473852721452,381.4042165372157,147.61789993175015,4,24.514480590820312,0.3297463671769947
8192,1,0,61567,14661.953554968903,13983.698203388383,381.30613175821134,147.87237163041834,8,42.529754638671875,0.8060909798368812
8192,1,0,61567,14661.953554968903,13984.294981222261,381.1854812629561,147.71538822171735,1,11.3641357421875,0.23154090344905853
8192,1,0,61567,14657.362676686347,13980.118605742566,379.718525299697,147.70027409831752,2,15.544342041015625,0.25801303144544363
8192,1,0,61567,14662.609629497047,13992.655222478435,381.4401788000838,147.77674202973844,4,24.43487548828125,0.3388068936765194
8192,1,0,61567,14656.051525181143,13984.891809995304,381.2253939298046,147.74682485003478,8,42.51365661621094,0.7782863972242922
8192,1,0,61567,14663.265762742203,13984.294981222261,381.2005583992555,147.8986681085824,1,11.338973999023438,0.2240706270094961
8192,1,0,61567,14657.362676686347,13983.101476487154,381.31722479073983,147.8068713415341,2,15.552490234375,0.25612539052963257
8192,1,0,61567,14666.547309999105,13989.071038251366,381.12740109215895,147.83994773626847,4,24.767440795898438,0.3660974910017103
8192,1,0,61567,14664.578205415082,13982.504800512053,381.216523725982,147.82960977277875,8,42.31443786621094,0.8326016066130251
8192,1,0,61567,14656.707071610681,13979.522184300342,381.3917867148372,147.7705443807689,1,11.352813720703125,0.2283361991867423
8192,1,0,61567,14661.953554968903,13977.733225269803,381.18636812031195,147.94367413021914,2,15.58721923828125,0.25731590017676353
8192,1,0,61567,7332.617257429288,13984.294981222261,381.3576088803439,147.77167724551575,4,24.521636962890625,0.3361102109774947
8192,1,0,61567,14663.921954712254,13977.733225269803,380.6726828316248,147.8327443573575,8,42.364227294921875,0.8295577159151435
8192,1,0,61567,14659.985683607732,13980.715078078334,381.3021384244988,147.79193846572954,1,11.340713500976562,0.22462781122885644
8192,1,0,61567,14664.578205415082,13980.715078078334,381.5654336743605,147.73636668988573,2,15.605606079101562,0.2529159595724195
8192,1,0,61567,14661.953554968903,13984.891809995304,381.26930751822397,147.77987437267515,4,24.5797119140625,0.3260434716939926
8192,1,0,61567,14663.921954712254,13974.752644148755,381.4051044126736,147.84941991391995,8,43.00746154785156,0.8084922989364713
8192,1,0,61567,14661.953554968903,13969.390800187577,381.4259706760161,147.89533047393937,1,11.3507080078125,0.22780345380306244
8192,1,0,61567,14661.953554968903,13975.944724046745,381.2369258119085,147.8171394442332,2,15.57574462890625,0.2611084543168545
8192,1,0,61567,14667.860340196958,13986.085620384993,381.3269871932877,147.91308842149454,4,24.743087768554688,0.3460597039666027
8192,1,0,61567,14660.641582032124,13980.715078078334,381.19346312772217,147.66546345991787,8,42.548736572265625,0.8306020414456725
8192,1,0,61567,14663.921954712254,13977.733225269803,381.18237729470786,147.87564149543573,1,11.361129760742188,0.2307150566484779
8192,1,0,61567,14660.641582032124,13983.698203388383,381.2360387192852,147.8574255174085,2,15.585433959960938,0.26140831387601793
8192,1,0,61567,14663.265762742203,13987.279634609638,380.8841887961837,147.82267414321223,4,24.666152954101562,0.36625305912457407
8192,1,0,61567,14665.890883050619,13981.908175456561,381.1766129163594,147.81880647862113,8,42.479888916015625,0.9598006224259734
8192,1,0,61567,14665.234514858575,13978.925813745147,381.3806893437338,147.74442666974468,1,11.36138916015625,0.2307870350778103
8192,1,0,61567,14658.674062807551,13980.715078078334,381.34296311209744,147.7444932848126,2,15.489105224609375,0.25528291519731283
8192,1,0,61567,14663.921954712254,13992.05773090226,381.2502326966752,147.67990488779563,4,24.574676513671875,0.33631184604018927
8192,1,0,61567,14662.609629497047,13982.504800512053,381.41220756515656,147.94694714942065,8,42.16484069824219,0.8286472463514656
8192,1,0,61567,14659.32984386883,13983.101476487154,380.66914498141267,148.2576737191013,1,11.362762451171875,0.231196372769773
8192,1,0,61567,14656.707071610681,13981.908175456561,381.1176489060663,147.87937866110673,2,15.457916259765625,0.25201313849538565
8192,1,0,61567,14663.265762742203,13991.460290350129,381.1375970930814,147.94667995875122,4,24.449935913085938,0.3202474934514612
8192,1,0,61567,14661.953554968903,13984.891809995304,381.01528107551235,147.85956049142726,8,42.069854736328125,0.8824799349531531
8192,1,0,61567,14664.578205415082,13981.31160131416,381.0879521407123,147.8596939293506,1,11.34979248046875,0.22743770107626915
8192,1,0,61567,14661.297539149888,13983.101476487154,381.3576088803439,147.7965380032132,2,15.504043579101562,0.2564228584524244
8192,1,0,61567,14663.921954712254,13989.668274772659,381.2803984082288,147.69954177443188,4,24.385879516601562,0.34235371253453195
8192,1,0,61567,14656.051525181143,13975.348658677016,381.3598280342768,147.8889893831159,8,42.78297424316406,0.926914103096351
8192,1,0,61567,14659.32984386883,13973.56076759062,381.20321919417773,147.7167200108191,1,11.360687255859375,0.23059195932000875
8192,1,0,61567,14662.609629497047,13978.32949407047,381.3318685820152,147.86323012207922,2,15.48529052734375,0.25661956891417503
8192,1,0,61567,14662.609629497047,13985.488689714042,381.47126276208104,147.65315387370987,4,24.582809448242188,0.33051442145369947
8192,1,0,61567,14662.609629497047,13979.522184300342,381.2045496055683,147.65934167942675,8,42.502288818359375,0.8817696636542678
8192,1,0,61567,14665.234514858575,13975.348658677016,381.30346952644265,147.74096276898882,1,11.373443603515625,0.23398347850888968
8192,1,0,61567,14660.641582032124,13978.925813745147,381.16109430270717,147.93065028450286,2,15.487335205078125,0.25749951507896185
8192,1,0,61567,14667.203795711921,13989.071038251366,381.2923772942065,147.89606474063578,4,24.597793579101562,0.37648377916775644
8192,1,0,61567,14661.297539149888,13977.137007336632,381.29060259693716,147.72637620004014,8,42.814422607421875,0.8034821739420295
8192,1,0,61567,14666.547309999105,13983.698203388383,381.3354187614047,147.85108767648913,1,11.360977172851562,0.23076420626603067
8192,1,0,61567,14665.890883050619,13978.925813745147,381.351839200986,147.72770818728344,2,15.580245971679688,0.2569272832479328
8192,1,0,61567,14668.516943462106,13989.668274772659,381.63964822253615,147.90681256937083,4,24.627838134765625,0.3498073136433959
8192,1,0,61567,14663.265762742203,13984.891809995304,381.3132312246755,147.92584205954952,8,42.836669921875,0.8061174750328064
8192,1,0,61567,14664.578205415082,13980.118605742566,381.2599916692458,147.97654448937752,1,11.35565185546875,0.22919413074851036
8192,1,0,61567,14664.578205415082,13984.891809995304,381.2227328253156,147.83461183263395,2,15.511123657226562,0.25558305135928094
8192,1,0,61567,14669.830326364328,13990.265562291863,381.3327561206654,147.7563517239669,4,24.7659912109375,0.3450506776571274
8192,1,0,61567,14666.547309999105,13984.891809995304,381.56987684683173,147.88685355915928,8,42.164398193359375,0.8135188883170485
8192,1,0,61567,14667.860340196958,13984.294981222261,381.50590514511384,147.9212344705952,1,11.360824584960938,0.2306302038487047
8192,1,0,61567,14658.018340416014,13982.504800512053,381.3691487628314,148.0266798575207,2,15.575531005859375,0.25860781129449606
8192,1,0,61567,14669.830326364328,13993.850358729074,381.24490983129726,147.72151465043268,4,24.521026611328125,0.34071388747543097
8192,1,0,61567,14664.578205415082,13982.504800512053,381.49613357952995,147.79627135554185,8,42.66423034667969,0.9242307858075947
8192,1,0,61567,14666.547309999105,13982.504800512053,381.24180489513174,147.7506887487093,1,11.36199951171875,0.23098638281226158
8192,1,0,61567,14667.203795711921,13983.101476487154,381.23249039007453,147.8931944668231,2,15.435531616210938,0.24904817319475114
8192,1,0,61567,14667.860340196958,13993.850358729074,381.27285653282325,147.75988297532706,4,24.441085815429688,0.33664752705954015
8192,1,0,61567,14661.953554968903,13987.279634609638,381.3331998915398,147.87003610108303,8,42.43125915527344,0.8372241591569036
8192,1,0,61567,14665.890883050619,13981.31160131416,381.26753303570075,147.96992915795138,1,11.34344482421875,0.2254904769361019
8192,1,0,61567,14669.830326364328,13983.698203388383,381.2160802266263,147.7882057182237,2,15.531265258789062,0.26135158515535295
8192,1,0,61567,14670.487106017194,13995.045699154352,381.3145624040692,147.75948320254972,4,24.6337890625,0.3470602035522461
8192,1,0,61567,14668.516943462106,13989.071038251366,381.5063493190796,147.9267769676997,8,42.36871337890625,0.7636781297624111
8192,1,0,61567,14663.265762742203,13981.908175456561,381.6223140977115,147.755885344896,1,11.370086669921875,0.23312252666801214
8192,1,0,61567,14669.173605515265,13988.473852721452,381.5654336743605,148.37421382223891,2,15.501754760742188,0.2579009735491127
8192,1,0,61567,14668.516943462106,13993.850358729074,381.34030036600194,147.88745425341162,4,24.576324462890625,0.3265110021457076
8192,1,0,61567,14666.547309999105,13986.682602014684,381.3154498621618,147.77127740891578,8,42.22178649902344,0.8338826482649893
8192,1,0,61567,14667.860340196958,13986.682602014684,381.20588002624515,147.7015390384976,1,11.36737060546875,0.23240944370627403
8192,1,0,61567,14670.487106017194,13980.118605742566,381.44817133504534,147.70706508387633,2,15.54901123046875,0.25779077038168907
8192,1,0,61567,14674.429019256606,13993.252765085193,381.4614929709946,148.00281118620856,4,24.654251098632812,0.33310967474244535
8192,1,0,61567,14671.800841765918,13984.294981222261,381.3758067050355,147.6630679201444,8,42.719024658203125,0.7880877694115043
8192,1,0,61567,14673.771886615019,13988.473852721452,381.2413613369509,147.822274030593,1,11.361068725585938,0.23069810098968446
8192,1,0,61567,14670.487106017194,13981.31160131416,382.1978475710818,147.96124325735087,2,15.657150268554688,0.2549363614525646
8192,1,0,61567,14677.71556550952,13993.850358729074,381.2786238224671,147.80320450770907,4,24.678009033203125,0.34651712980121374
8192,1,0,61567,14670.487106017194,13988.473852721452,381.4472832590647,147.81687272222038,8,42.60267639160156,0.8387312402483076
8192,1,0,61567,14672.45779787758,13986.682602014684,381.6027595394867,147.7935382723834,1,11.331069946289062,0.22146263695321977
8192,1,0,61567,14673.114812824646,13989.071038251366,381.5054609721823,147.94207107160932,2,15.617340087890625,0.2534737354144454
8192,1,0,61567,14675.086210757312,13996.839092734186,381.57076549374335,147.77494265874034,4,24.644180297851562,0.3394415338989347
8192,1,0,61567,14673.771886615019,13986.085620384993,381.60053755739784,147.7875391760105,8,42.50360107421875,0.897753145545721
8192,1,0,61567,14669.173605515265,13989.668274772659,381.5929830118456,148.00408131371688,1,11.35296630859375,0.22838109359145164
8192,1,0,61567,14665.234514858575,13987.279634609638,381.38823548581956,147.91035101625172,2,15.58807373046875,0.256006445735693
8192,1,0,61567,14675.086210757312,13995.643445948832,380.0197385740678,147.96759054593304,4,24.765625,0.341400146484375
8192,1,0,61567,14669.830326364328,13987.876718176385,381.51834240712367,147.8396142310066,8,42.69029235839844,0.8162973632570356
8192,1,0,61567,14682.977102657167,13987.279634609638,381.4206429023727,147.9292478532698,1,11.35601806640625,0.22926920279860497
8192,1,0,61567,14677.71556550952,13990.862900815508,381.5067934940797,147.9284464759325,2,15.587142944335938,0.2538807166274637
8192,1,0,61567,14684.9511517433,13993.850358729074,381.3598280342768,147.98202430268756,4,24.67138671875,0.3651578426361084
8192,1,0,61567,14673.114812824646,13986.085620384993,381.4956894293515,147.98670251321778,8,42.375457763671875,0.7951581766828895
8192,1,0,61567,14669.173605515265,13987.876718176385,381.31500613259914,147.93993371416911,1,11.359130859375,0.23021692037582397
8192,1,0,61567,14670.487106017194,13990.862900815508,381.4996868181892,147.74129582931118,2,15.57928466796875,0.25558527931571007
8192,1,0,61567,14676.400770367716,13995.045699154352,381.3394127922336,147.99619350610695,4,24.520431518554688,0.31867434992454946
8192,1,0,61567,14673.771886615019,13989.071038251366,381.5774304775191,147.99672824615655,8,42.57159423828125,0.7893994115293026
8192,1,0,61567,14675.743461125045,13984.891809995304,381.49435698502106,147.95823683703148,1,11.360687255859375,0.23059195932000875
8192,1,0,61567,14666.547309999105,13989.668274772659,381.4006650767213,147.89546397643275,2,15.564041137695312,0.258807668229565
8192,1,0,61567,14677.71556550952,13998.632946001366,381.3181122612252,147.95803641335414,4,24.539154052734375,0.3338246261700988
8192,1,0,61567,14668.516943462106,13990.862900815508,381.2347080880907,148.03022404208164,8,42.41636657714844,0.8541199525352567
8192,1,0,61567,14669.830326364328,13986.682602014684,380.1012891985255,147.9369949485259,1,11.353271484375,0.22847074270248413
8192,1,0,61567,14674.429019256606,13987.279634609638,381.21696722636966,147.87544129546254,2,15.581939697265625,0.2564694797620177
8192,1,0,61567,14676.400770367716,13995.643445948832,381.3145624040692,147.96732328069493,4,24.427474975585938,0.32796155638061464
8192,1,0,61567,14671.800841765918,13990.862900815508,381.28838424858213,148.0185890532737,8,42.35295104980469,0.7657911570277065
8192,1,0,61567,14666.547309999105,13986.085620384993,381.38912328687405,148.10683326274818,1,11.344070434570312,0.2257775233592838
8192,1,0,61567,14663.921954712254,13986.085620384993,381.35405828777056,147.97253512699456,2,15.564376831054688,0.2591612876858562
8192,1,0,61567,14673.771886615019,13995.643445948832,381.4992426597371,147.92951498097835,4,24.397628784179688,0.342547477921471
8192,1,0,61567,14665.890883050619,13984.891809995304,379.7176452592655,148.04701107054416,8,42.63359069824219,0.9050356054212898
8192,1,0,61567,14671.800841765918,13984.891809995304,381.4792565997495,148.02146419645007,1,11.335205078125,0.22284263372421265
8192,1,0,61567,14668.516943462106,13977.137007336632,381.460160765528,147.78334009831778,2,15.647491455078125,0.25220256950706244
8192,1,0,61567,14675.086210757312,13990.862900815508,381.35538975223767,147.96311398054553,4,24.5513916015625,0.33680592477321625
8192,1,0,61567,14665.890883050619,13985.488689714042,381.6023151409988,148.39759759650963,8,42.82893371582031,0.8355587141122669
8192,1,0,61567,14671.143944481755,13981.31160131416,381.6160919754409,147.87544129546254,1,11.35772705078125,0.22975840792059898
8192,1,0,61567,14667.860340196958,13987.876718176385,381.6729875043097,147.95462929391488,2,15.612152099609375,0.25466433819383383
8192,1,0,61567,14669.830326364328,13999.829103648637,381.4463951872193,148.06065751619752,4,24.433624267578125,0.34276223089545965
8192,1,0,61567,14665.234514858575,13990.265562291863,381.4956894293515,148.01792043133347,8,42.15574645996094,0.8359572736080736
8192,1,0,61567,14670.487106017194,13989.071038251366,381.31411867657187,147.995324561768,1,11.372589111328125,0.23376646544784307
8192,1,0,61567,14671.143944481755,13989.668274772659,381.42108687782485,147.99946884956248,2,15.456390380859375,0.25111944135278463
8192,1,0,61567,14669.830326364328,13996.839092734186,381.2426920145898,148.07731761698912,4,24.491043090820312,0.34543979330919683
8192,1,0,61567,14667.203795711921,13989.071038251366,381.5001309776756,147.9591053459077,8,42.08668518066406,0.8975912702735513
8192,1,0,61567,14672.45779787758,13983.698203388383,381.47126276208104,148.14272299960078,1,11.342620849609375,0.22529283817857504
8192,1,0,61567,14669.173605515265,13987.279634609638,381.4051044126736,148.13857068521776,2,15.637680053710938,0.24865284538827837
8192,1,0,61567,14681.003584229391,13994.448003416614,381.2861659260397,148.20242149586392,4,24.867477416992188,0.35073915659449995
8192,1,0,61567,14671.143944481755,13983.101476487154,381.2914899435068,148.10931016714727,8,43.12522888183594,0.7898444605525583
8192,1,0,61567,14675.743461125045,13971.177624285836,381.3806893437338,148.12966408633181,1,11.343032836914062,0.2254528624471277
8192,1,0,61567,14671.143944481755,13985.488689714042,381.3709241913558,148.191697683148,2,15.768875122070312,0.23126451834104955
8192,1,0,61567,14682.319204229769,13990.265562291863,381.37625057611467,147.99920146915224,4,24.897064208984375,0.3440184807404876
8192,1,0,61567,14677.71556550952,13981.31160131416,381.2426920145898,148.04219527853465,8,43.253570556640625,0.9476038282737136
8192,1,0,61567,14677.058138493236,13979.522184300342,381.32033095551185,147.9818238145603,1,11.3450927734375,0.2260037511587143
8192,1,0,61567,14665.890883050619,13980.118605742566,381.4708186698114,148.0159146017555,2,15.695526123046875,0.2422565957531333
8192,1,0,61567,14679.688199982082,13993.850358729074,190.6431938785662,148.06152722790398,4,24.888442993164062,0.3407197070773691
8192,1,0,61567,14673.114812824646,13980.118605742566,381.6169808376288,148.19484764214707,8,43.34393310546875,0.7697715424001217
8192,1,0,61567,14671.800841765918,13978.32949407047,381.3855721074556,148.06614356107931,1,11.335250854492188,0.22285771905444562
8192,1,0,61567,14677.058138493236,13981.908175456561,381.5965380548452,148.0775183639531,2,15.692733764648438,0.2526486178394407
8192,1,0,61567,14679.030596246024,13987.876718176385,381.82731309769764,148.26337562513544,4,24.840713500976562,0.34726269892416894
8192,1,0,61567,14670.487106017194,13983.698203388383,381.6818789632342,148.16556489025945,8,43.08802795410156,0.8879877736326307
8192,1,0,61567,14681.661364756486,13981.908175456561,381.5298920194025,148.08226953431452,1,11.350677490234375,0.22779434081166983
8192,1,0,61567,14672.45779787758,13980.715078078334,381.4526117769769,148.01130140002755,2,15.825973510742188,0.21289410232566297
8192,1,0,61567,14682.977102657167,13989.668274772659,381.54010956702973,148.2838390164611,4,24.752960205078125,0.35013466980308294
8192,1,0,61567,14672.45779787758,13986.682602014684,381.5840956941365,148.18358883033642,8,42.63719177246094,0.8366471675690264
8192,1,0,61567,14674.429019256606,13989.668274772659,381.42508270340613,148.09886756432323,1,11.371063232421875,0.23337530996650457
8192,1,0,61567,14674.429019256606,13990.265562291863,381.44550711950905,147.9946561499891,2,15.539459228515625,0.2604974126443267
8192,1,0,61567,14676.400770367716,13999.829103648637,381.49258040705894,148.2370834281454,4,24.5069580078125,0.3455936759710312
8192,1,0,61567,14669.830326364328,13992.05773090226,381.57831915961475,147.9446760594921,8,42.31221008300781,0.8805674666073173
8192,1,0,61567,14673.114812824646,13990.862900815508,381.7516913086482,148.1174778443049,1,11.338851928710938,0.22406181669794023
8192,1,0,61567,14671.143944481755,13993.850358729074,381.345625895379,148.0911704345523,2,15.48046875,0.2538909912109375
8192,1,0,61567,14673.114812824646,13998.034943825025,381.44106684298384,148.2018182402029,4,24.541885375976562,0.364548105513677
8192,1,0,61567,14674.429019256606,13989.668274772659,381.47481553746184,148.1406468133124,8,42.82060241699219,0.9741794222500175
8192,1,0,61567,14672.45779787758,13985.488689714042,381.5210076402003,148.0193245443848,1,11.360260009765625,0.23047273512929678
8192,1,0,61567,14669.173605515265,13988.473852721452,381.4623811131419,148.14700950377895,2,15.703872680664062,0.2435311449225992
8192,1,0,61567,14678.373051424476,13999.829103648637,381.48014482461554,148.26042399549354,4,24.657623291015625,0.3339195465669036
8192,1,0,61567,14663.921954712254,13990.265562291863,381.1256279302929,148.15417655702498,8,42.18035888671875,0.8069176934659481
8192,1,0,61567,14668.516943462106,13989.071038251366,381.34695730096473,148.16636883876058,1,11.3531494140625,0.22843490540981293
8192,1,0,61567,14663.265762742203,13992.05773090226,381.38823548581956,148.29075088031794,2,15.482025146484375,0.2556278323754668
8192,1,0,61567,14671.800841765918,14001.025465732355,381.46726596887777,147.88224839867192,4,24.41680908203125,0.3389655016362667
8192,1,0,61567,14668.516943462106,13990.862900815508,381.19168935110866,148.02019377057593,8,41.715179443359375,0.8739858930930495
8192,1,0,61567,14669.830326364328,13988.473852721452,381.54766201919387,148.17407378768618,1,11.361129760742188,0.2307150566484779
8192,1,0,61567,14667.203795711921,13991.460290350129,381.5636564343454,148.61667393089922,2,15.42840576171875,0.2471325658261776
8192,1,0,61567,14673.771886615019,13994.448003416614,382.49229307444756,148.130802464085,4,24.49176025390625,0.35555344447493553
8192,1,0,61567,14672.45779787758,13991.460290350129,380.59840178405506,148.05316503852464,8,42.53630065917969,0.8601629750337452
8192,1,0,61567,14673.771886615019,13987.876718176385,381.66631918197055,148.14875096695906,1,11.355880737304688,0.2292296381201595
8192,1,0,61567,14670.487106017194,13988.473852721452,380.0320791238665,148.04085761413327,2,15.445037841796875,0.25021402444690466
8192,1,0,61567,14677.71556550952,13992.655222478435,381.574320122782,148.20999612378031,4,24.473037719726562,0.3525140022393316
8192,1,0,61567,14673.771886615019,13993.850358729074,381.4694863992065,148.01130140002755,8,42.170318603515625,0.8323502158746123
8192,1,0,61567,14677.71556550952,13992.05773090226,381.47259504509384,148.1174108924698,1,11.362091064453125,0.23098112549632788
8192,1,0,61567,14671.143944481755,13994.448003416614,381.55610334897926,148.178429113299,2,15.51025390625,0.2562730312347412
8192,1,0,61567,14673.771886615019,14007.010344532786,381.4463951872193,148.23145059909157,4,24.494842529296875,0.3323708614334464
8192,1,0,61567,14671.800841765918,13996.839092734186,381.64809362304794,148.21401836482414,8,42.21539306640625,0.8055040203034878
8192,1,0,61567,14672.45779787758,13994.448003416614,381.4690423110728,148.0224671796498,1,11.3671875,0.23236083984375
8192,1,0,61567,14667.860340196958,13994.448003416614,381.43707068249626,148.1723987306227,2,15.452362060546875,0.2504772087559104
8192,1,0,61567,14674.429019256606,14003.418803418805,381.6205363277875,148.19927121488757,4,24.46600341796875,0.3341713808476925
8192,1,0,61567,14672.45779787758,13995.045699154352,381.7156702856344,148.42455183422183,8,41.99229431152344,0.8289964084979147
8192,1,0,61567,14667.203795711921,13990.862900815508,382.56329549885703,148.34009211499617,1,11.328659057617188,0.22067279904149473
8192,1,0,61567,14672.45779787758,13995.045699154352,381.173952492846,148.22930487205227,2,15.464340209960938,0.25324498093687
8192,1,0,61567,14675.086210757312,13997.436992738145,381.8473356452996,148.17266673720786,4,24.33258056640625,0.35756033286452293
8192,1,0,61567,14671.143944481755,13989.668274772659,381.91008656146886,148.19705939550724,8,42.29779052734375,0.8919726572930813
8192,1,0,61567,14670.487106017194,13989.071038251366,381.73390229951343,148.14225417825534,1,11.269454956054688,0.19691001786850393
8192,1,0,61567,14663.921954712254,13994.448003416614,381.69699539419577,148.06694643101636,2,15.46453857421875,0.2527708075940609
8192,1,0,61567,14671.800841765918,14004.017265695116,381.98888818944636,148.161813245941,4,24.4071044921875,0.32761310040950775
8192,1,0,61567,14672.45779787758,13995.045699154352,381.721895655537,148.0944499833231,8,41.65525817871094,0.9171180424746126
8192,1,0,61567,14671.800841765918,13992.655222478435,381.6520942063842,148.01604832203608,1,11.369277954101562,0.2329117467161268
8192,1,0,61567,14668.516943462106,13992.655222478435,381.7543598030181,148.0537670846041,2,15.443618774414062,0.24926256365142763
8192,1,0,61567,14672.45779787758,14006.411626415902,381.70144163117726,148.12611513858118,4,24.211013793945312,0.3446180762257427
8192,1,0,61567,14667.203795711921,13996.839092734186,381.6356479001188,148.20899059763033,8,42.018035888671875,0.8676861813291907
8192,1,0,61567,14668.516943462106,13992.655222478435,381.78860879250965,148.08467869493145,1,11.358123779296875,0.22987113799899817
8192,1,0,61567,14673.114812824646,13990.265562291863,381.7494675918375,148.1012103278538,2,15.429718017578125,0.24835634138435125
8192,1,0,61567,14676.400770367716,14001.025465732355,381.6720983812015,148.1998744498134,4,24.50299072265625,0.3270784579217434
8192,1,0,61567,14671.800841765918,13995.643445948832,381.74457550604336,148.09598941345075,8,42.24676513671875,0.8066301606595516
8192,1,0,61567,14677.058138493236,13991.460290350129,381.770816342699,148.0207286840755,1,11.364181518554688,0.2315533400978893
8192,1,0,61567,14672.45779787758,13993.850358729074,381.6445376193804,148.08969803133078,2,15.405868530273438,0.24342808476649225
8192,1,0,61567,14674.429019256606,14004.615779126421,381.59031677306507,148.04125891091547,4,24.426437377929688,0.3343712554778904
8192,1,0,61567,14677.058138493236,13996.839092734186,381.7926123222727,148.02306897609395,8,42.1488037109375,0.8224009126424789
8192,1,0,61567,14675.086210757312,13992.05773090226,381.5250055596371,148.07571166087192,1,11.358047485351562,0.22984948358498514
8192,1,0,61567,14673.114812824646,13998.632946001366,381.4384027266886,147.9875045218655,2,15.440994262695312,0.2503330202307552
8192,1,0,61567,14684.293076406004,14002.222032304931,381.4215308543107,148.08735563200148,4,24.673019409179688,0.35119831725023687
8192,1,0,61567,14671.800841765918,13995.643445948832,381.6027595394867,148.02260091177007,8,41.98408508300781,0.7988952749874443
8192,1,0,61567,14675.086210757312,13997.436992738145,381.5974268259451,148.16000448531264,1,11.3477783203125,0.22685907781124115
8192,1,0,61567,14672.45779787758,13993.252765085193,381.4752596390374,148.04721173534392,2,15.395416259765625,0.24040501471608877
8192,1,0,61567,14679.030596246024,14004.615779126421,381.5547704826025,148.08307257914365,4,24.405319213867188,0.3328019061591476
8192,1,0,61567,14665.890883050619,13995.643445948832,381.5174540043731,147.94714754305605,8,41.67451477050781,0.7927562647964805
8192,1,0,61567,14667.860340196958,13993.252765085193,381.6503161589914,148.00361336946702,1,11.358795166015625,0.2300611948594451
8192,1,0,61567,14669.830326364328,13989.668274772659,381.5836513391178,148.03276526000604,2,15.52288818359375,0.2564036212861538
8192,1,0,61567,14674.429019256606,13997.436992738145,381.58542876540207,148.05370019035345,4,24.592788696289062,0.3255577383097261
8192,1,0,61567,14671.143944481755,13990.862900815508,381.59209426144554,148.14513412767843,8,42.46220397949219,0.793829029193148
8192,1,0,61567,14671.143944481755,13990.265562291863,381.5827626321851,148.09793047966411,1,11.363662719726562,0.23141214600764215
8192,1,0,61567,14666.547309999105,13988.473852721452,381.6196474490366,148.16556489025945,2,15.429367065429688,0.24736084206961095
8192,1,0,61567,14677.058138493236,13999.230999273721,381.56721093093176,148.1886818904368,4,24.327011108398438,0.32417030236683786
8192,1,0,61567,14669.830326364328,13992.05773090226,381.76369982710656,148.1371643089253,8,42.093048095703125,0.9202360948547721
8192,1,0,61567,14670.487106017194,13992.655222478435,381.89673357551516,147.93131811824574,1,11.331039428710938,0.22154387808404863
8192,1,0,61567,14666.547309999105,13993.252765085193,381.52811511046013,148.28430873437478,2,15.517181396484375,0.2571816062554717
8192,1,0,61567,14676.400770367716,13994.448003416614,381.6574284479676,148.11948642750338,4,24.540191650390625,0.3339559203013778
8192,1,0,61567,14669.830326364328,13989.668274772659,381.76503415357047,148.21093462716365,8,42.51814270019531,0.757086613913998
8192,1,0,61567,14669.830326364328,13989.071038251366,381.87759592390415,148.10623078501544,1,11.36578369140625,0.23198598250746727
8192,1,0,61567,14672.45779787758,13989.668274772659,380.08718064116516,148.17179571935083,2,15.603408813476562,0.2537109141703695
8192,1,0,61567,14681.661364756486,13999.829103648637,381.6712092622359,148.14473226754845,4,24.574661254882812,0.3867596813943237
8192,1,0,61567,14675.086210757312,13993.252765085193,380.88330334435256,148.01424311863408,8,42.67265319824219,0.7743595743086189
8192,1,0,61567,14674.429019256606,13990.862900815508,381.1575473684333,148.06861910468373,1,11.348037719726562,0.22690746537409723
8192,1,0,61567,14674.429019256606,13993.252765085193,381.87492570640103,148.07711687056945,2,15.627349853515625,0.25184842105954885
8192,1,0,61567,14679.688199982082,13999.829103648637,381.9960131031347,148.11633967133974,4,24.681884765625,0.3436574339866638
8192,1,0,61567,14671.800841765918,13987.279634609638,381.0179392845681,148.2447286666344,8,42.6826171875,0.9057989120483398
8192,1,0,61567,14676.400770367716,13993.252765085193,381.75925213959005,148.1703217124597,1,11.364532470703125,0.2316485485062003
8192,1,0,61567,14667.860340196958,13995.643445948832,381.87314558214445,148.133481068995,2,15.542678833007812,0.25907329260371625
8192,1,0,61567,14677.058138493236,14003.418803418805,381.85223036522314,148.1173439406952,4,24.700592041015625,0.3392794346436858
8192,1,0,61567,14673.771886615019,13987.279634609638,381.6983292544139,148.17192972143152,8,42.60960388183594,0.8605761004146188
8192,1,0,61567,14675.086210757312,13988.473852721452,381.64320413508926,148.2347363640147,1,11.354888916015625,0.22894277330487967
8192,1,0,61567,14672.45779787758,13989.071038251366,381.889167297943,148.21093462716365,2,15.558670043945312,0.2572389782872051
8192,1,0,61567,14681.661364756486,14003.418803418805,381.7596969036781,148.1375661279983,4,24.449493408203125,0.35407750215381384
8192,1,0,61567,14675.743461125045,13994.448003416614,381.85000547697456,148.2595519455899,8,42.2205810546875,0.8948254436254501
8192,1,0,61567,14678.373051424476,13994.448003416614,381.813965899147,148.53946916903936,1,11.366012573242188,0.23204736947081983
8192,1,0,61567,14677.71556550952,13990.862900815508,381.8095170403237,148.09210743366518,2,15.584213256835938,0.2570682836230844
8192,1,0,61567,14681.003584229391,14001.025465732355,381.7223403325858,148.22910371332722,4,24.459152221679688,0.3216651992406696
8192,1,0,61567,14672.45779787758,13999.230999273721,381.60098195174555,148.3257898479579,8,42.56565856933594,0.8604960811790079
8192,1,0,61567,14682.319204229769,13996.839092734186,381.58587312456035,148.20677848812622,1,11.360595703125,0.23056644201278687
8192,1,0,61567,14681.661364756486,13990.862900815508,381.70410942308723,148.23084710708287,2,15.566574096679688,0.2560354189481586
8192,1,0,61567,14684.9511517433,14008.806806036511,379.86951259662516,148.2027566400199,4,24.594741821289062,0.33361431933008134
8192,1,0,61567,14675.086210757312,13996.241243806595,381.3913428075934,148.22742741185087,8,42.3271484375,0.8056936264038086
8192,1,0,61567,14682.977102657167,13995.643445948832,381.55565905915233,148.16288512493105,1,11.357681274414062,0.22974538034759462
8192,1,0,61567,14673.114812824646,13998.034943825025,381.60853681402057,148.2027566400199,2,15.448165893554688,0.250578606268391
8192,1,0,61567,14686.26747938329,14005.21434371928,381.5992043805651,148.1070340897483,4,24.395614624023438,0.3376144354697317
8192,1,0,61567,14677.71556550952,13998.034943825025,381.8838265766343,148.21562732237126,8,42.230743408203125,0.872752352617681
8192,1,0,61567,14683.635060046603,13997.436992738145,381.6027595394867,148.13937434080285,1,11.348434448242188,0.22705840109847486
8192,1,0,61567,14673.771886615019,13995.643445948832,381.6592065616312,148.17494483232645,2,15.554977416992188,0.25628534494899213
8192,1,0,61567,14684.9511517433,14000.427259132664,380.34438531226243,148.10228133015445,4,24.467330932617188,0.32202233164571226
8192,1,0,61567,14675.086210757312,14001.025465732355,381.73834939636924,148.2035609921787,8,42.32421875,0.8609161376953125
8192,1,0,61567,14676.400770367716,13998.632946001366,381.9158731453747,148.15973652453104,1,11.349227905273438,0.22729829302988946
8192,1,0,61567,14672.45779787758,13998.034943825025,381.98220882424596,148.20248852457385,2,15.531936645507812,0.2585930877830833
8192,1,0,61567,14675.743461125045,14001.025465732355,381.88071122485485,148.23983294065704,4,24.630523681640625,0.3324203556403518
8192,1,0,61567,14675.743461125045,13998.632946001366,381.8980688320921,148.12484291570155,8,42.82585144042969,0.7993994520511478
8192,1,0,61567,14682.319204229769,13992.655222478435,381.81663526420596,148.09772967735142,1,11.357528686523438,0.22970192483626306
8192,1,0,61567,14671.800841765918,13996.839092734186,381.57920784584985,148.24526520421048,2,15.489822387695312,0.2566408009734005
8192,1,0,61567,14681.661364756486,14004.615779126421,381.6627628386634,148.2038291115052,4,24.5482177734375,0.3661137670278549
8192,1,0,61567,14671.800841765918,13991.460290350129,381.63387000596305,148.01965886094246,8,42.259857177734375,0.7903233682736754
8192,1,0,61567,14675.086210757312,13997.436992738145,381.70410942308723,148.20744881736624,1,11.35418701171875,0.22873857244849205
8192,1,0,61567,14677.71556550952,13991.460290350129,381.6596510926359,148.25197225161756,2,15.456512451171875,0.25296112801879644
8192,1,0,61567,14676.400770367716,14001.623723454259,381.91765366800854,148.27920909911603,4,24.474990844726562,0.3411408995743841
8192,1,0,61567,14675.743461125045,13995.643445948832,381.737904682021,148.2084543225958,8,41.99037170410156,0.8504169394727796
8192,1,0,61567,14675.086210757312,13992.655222478435,381.50146346234,148.62543695687967,1,11.363204956054688,0.23128711595200002
8192,1,0,61567,14668.516943462106,13995.045699154352,381.49702188298954,148.10489196315817,2,15.512405395507812,0.25686514913104475
8192,1,0,61567,14681.661364756486,14005.21434371928,381.51123530096635,148.1863363587441,4,24.505096435546875,0.33020473923534155
8192,1,0,61567,14675.086210757312,13995.643445948832,381.61653640601725,148.35278516870557,8,42.22114562988281,0.7929677793290466
8192,1,0,61567,14673.114812824646,13990.862900815508,381.6921046531539,148.23929644240164,1,11.349563598632812,0.22736888914369047
8192,1,0,61567,14671.143944481755,13998.034943825025,381.8771508850604,148.24861865205415,2,15.494354248046875,0.2557664653286338
8192,1,0,61567,14673.771886615019,14005.812959480254,381.90608056763773,148.33995780858132,4,24.523300170898438,0.3505008032079786
8192,1,0,61567,14682.319204229769,13992.05773090226,381.85490026534535,148.47687502577094,8,42.42494201660156,0.9147764553781599
8192,1,0,61567,14673.771886615019,13993.850358729074,381.9510415416051,148.30269717383973,1,11.366287231445312,0.23212089552544057
8192,1,0,61567,14672.45779787758,13991.460290350129,381.9261113772441,148.26619319942864,2,15.4508056640625,0.2509368509054184
8192,1,0,61567,14682.319204229769,14004.615779126421,381.98577112328394,148.2007457978205,4,24.505157470703125,0.3679848751053214
8192,1,0,61567,14671.800841765918,13999.230999273721,382.06727686119046,148.27988008371514,8,42.17042541503906,0.8333056417759508
8192,1,0,61567,14673.114812824646,13993.252765085193,381.95950072969555,148.22280101649864,1,11.360687255859375,0.23059195932000875
8192,1,0,61567,14679.030596246024,13995.045699154352,381.92032448308817,148.25076493829596,2,15.49456787109375,0.2562571130692959
8192,1,0,61567,14680.345862640563,14002.820392290929,382.0018022912181,148.14078075905874,4,24.445571899414062,0.36153953499160707
8192,1,0,61567,14676.400770367716,13993.850358729074,382.0663859001087,147.99599297958463,8,42.72943115234375,0.731418963521719
8192,1,0,61567,14680.345862640563,13996.839092734186,381.964843567865,148.1205576941506,1,11.365493774414062,0.2319080752786249
8192,1,0,61567,14679.688199982082,13995.045699154352,381.7846053467088,148.07986045208463,2,15.747772216796875,0.23609428014606237
8192,1,0,61567,14688.242413375769,13997.436992738145,380.43888399330797,148.14024497752672,4,24.9349365234375,0.350869283080101
8192,1,0,61567,14684.9511517433,13988.473852721452,381.9777560438817,148.17688796881268,8,42.91651916503906,0.7795452324207872
8192,1,0,61567,14677.058138493236,13989.071038251366,381.79083296534543,148.22675690187623,1,11.35076904296875,0.22773012146353722
8192,1,0,61567,14677.71556550952,13990.265562291863,381.90830610939076,148.1683117503241,2,15.571273803710938,0.25804260349832475
8192,1,0,61567,14684.293076406004,14005.21434371928,381.75480455570676,148.16723979281545,4,24.449295043945312,0.3225632847752422
8192,1,0,61567,14679.688199982082,13998.632946001366,381.68988163047555,147.92504071911216,8,42.742950439453125,0.7409323593601584
8192,1,0,61567,14682.977102657167,13995.045699154352,381.8201944756789,148.07263367567901,1,11.367233276367188,0.2323729970958084
8192,1,0,61567,14682.977102657167,13995.045699154352,381.83532186475657,148.1243742075179,2,15.49627685546875,0.2565168999135494
8192,1,0,61567,14686.26747938329,14004.615779126421,381.68010063830775,148.25707001355073,4,24.573806762695312,0.3377227277960628
8192,1,0,61567,14676.400770367716,13997.436992738145,381.7917226417359,148.12216462317627,8,42.32792663574219,0.8035816752817482
8192,1,0,61567,14682.977102657167,13992.05773090226,381.9777560438817,148.17762503391515,1,11.36468505859375,0.23168986663222313
8192,1,0,61567,14679.688199982082,13993.252765085193,381.6698755915545,148.13897251192031,2,15.604721069335938,0.25368193513713777
8192,1,0,61567,14681.661364756486,13999.829103648637,380.2799411847308,148.13997708821398,4,24.494842529296875,0.3376504024490714
8192,1,0,61567,14675.743461125045,13998.034943825025,381.7721507189102,148.17494483232645,8,42.35041809082031,0.8846687094774097
8192,1,0,61567,14677.058138493236,13995.643445948832,381.7436860493699,148.20342693287924,1,11.353775024414062,0.22861825651489198
8192,1,0,61567,14673.771886615019,13994.448003416614,381.87759592390415,148.10268296001072,2,15.496124267578125,0.255630730651319
8192,1,0,61567,14684.9511517433,14001.025465732355,381.8224190165463,148.11687527996793,4,24.55511474609375,0.34892159327864647
8192,1,0,61567,14675.086210757312,13999.230999273721,381.85267534598404,148.24553347445493,8,42.17857360839844,0.744249772047624
8192,1,0,61567,14676.400770367716,13991.460290350129,381.70188626057256,148.12986497525216,1,11.368865966796875,0.2328954180702567
8192,1,0,61567,14675.086210757312,13986.682602014684,381.8001747742499,148.06902055198728,2,15.643890380859375,0.253221339546144
8192,1,0,61567,14679.030596246024,13999.829103648637,381.8206393817787,148.0445362494059,4,24.627212524414062,0.35045515722595155
8192,1,0,61567,14675.086210757312,13987.279634609638,381.8606851770278,147.89406221227276,8,42.493804931640625,0.8690106933936477
8192,1,0,61567,14673.114812824646,13990.862900815508,381.78860879250965,148.04681040628836,1,11.319076538085938,0.21729721850715578
8192,1,0,61567,14676.400770367716,13989.668274772659,381.5534376255378,148.3257898479579,2,15.5169677734375,0.25880633294582367
8192,1,0,61567,14679.030596246024,13993.850358729074,381.75613881999044,148.14493319734092,4,24.669448852539062,0.34408982074819505
8192,1,0,61567,14678.373051424476,13994.448003416614,381.712113022571,147.99813195717232,8,42.55717468261719,0.8569605478551239
8192,1,0,61567,14673.771886615019,13989.668274772659,381.8833815232681,148.1483490872067,1,11.327743530273438,0.22041926137171686
8192,1,0,61567,14674.429019256606,13992.655222478435,381.8179699607322,148.13401680160177,2,15.555068969726562,0.25816735974512994
8192,1,0,61567,14686.26747938329,14000.427259132664,381.6094256410137,148.2739085342567,4,24.6875,0.3397216796875
8192,1,0,61567,14673.114812824646,13996.241243806595,381.42108687782485,148.12959712347944,8,42.25987243652344,0.8771837239619344
8192,1,0,61567,14677.058138493236,13994.448003416614,381.50235179062076,148.04467002140612,1,11.366912841796875,0.23228780832141638
8192,1,0,61567,14682.319204229769,13992.05773090226,381.6529832362934,148.24895400518292,2,15.5750732421875,0.25763915479183197
8192,1,0,61567,14690.87648509303,14002.820392290929,381.6760994678106,148.2969922430101,4,24.654159545898438,0.34568063518963754
8192,1,0,61567,14669.830326364328,13996.241243806595,381.76725805173805,148.21790673869492,8,42.44456481933594,0.9780365598853678
8192,1,0,61567,14673.771886615019,13988.473852721452,381.7610312021605,148.20858839099063,1,11.357620239257812,0.22975852130912244
8192,1,0,61567,14669.830326364328,13989.668274772659,381.6792114820587,148.11352778959272,2,15.568405151367188,0.25743621378205717
8192,1,0,61567,14677.71556550952,13999.829103648637,381.66498554546365,148.18017131523467,4,24.456451416015625,0.33269824739545584
8192,1,0,61567,14671.143944481755,13993.850358729074,381.69966312395456,148.19826583425746,8,41.96873474121094,0.8202657697256655
8192,1,0,61567,14674.429019256606,13997.436992738145,381.86736029292655,148.1645599669017,1,11.32794189453125,0.2204265259206295
8192,1,0,61567,14671.800841765918,13999.230999273721,381.62631414060127,148.0961232784526,2,15.53790283203125,0.25790175423026085
8192,1,0,61567,14675.086210757312,14000.427259132664,381.17129210646925,148.26585776830203,4,24.468597412109375,0.31902120169252157
8192,1,0,61567,14671.143944481755,13995.643445948832,381.7601416688026,148.20403020163673,8,41.96221923828125,0.867224957793951
8192,1,0,61567,14671.143944481755,13992.05773090226,381.7410177042183,148.04560643217678,1,11.308364868164062,0.21327597624622285
8192,1,0,61567,14675.086210757312,14001.623723454259,381.8669152779396,148.16288512493105,2,15.416183471679688,0.24517205520533025
8192,1,0,61567,14681.661364756486,14005.812959480254,381.8816013201766,148.21140388331247,4,24.501388549804688,0.3516826422419399
8192,1,0,61567,14674.429019256606,13995.045699154352,381.56454505228345,148.21556028177602,8,42.136138916015625,0.7861231779679656
8192,1,0,61567,14675.743461125045,13993.252765085193,381.58853930124394,148.12959712347944,1,11.325241088867188,0.21945932297967374
8192,1,0,61567,14669.173605515265,13992.05773090226,381.65164969298286,148.00735700631995,2,15.445343017578125,0.25006437208503485
8192,1,0,61567,14676.400770367716,14000.427259132664,381.5547704826025,148.07945894600033,4,24.384475708007812,0.3337305539753288
8192,1,0,61567,14671.800841765918,13996.241243806595,381.68632484805,148.13689643075432,8,41.94984436035156,0.8252279420848936
8192,1,0,61567,14673.771886615019,13995.045699154352,381.51123530096635,148.2002095824497,1,11.334625244140625,0.22271222528070211
8192,1,0,61567,14670.487106017194,13995.045699154352,381.8264232554292,148.13857068521776,2,15.436782836914062,0.24817033833824098
8192,1,0,61567,14675.743461125045,14007.010344532786,381.7703715527014,148.19974039718326,4,24.305526733398438,0.3239965548273176
8192,1,0,61567,14671.143944481755,13996.241243806595,381.8170801620113,148.17668695233004,8,42.154327392578125,0.7888661613687873
8192,1,0,61567,14676.400770367716,13993.252765085193,381.8535653106172,148.32337283583806,1,11.359909057617188,0.2303745278622955
8192,1,0,61567,14673.114812824646,13998.632946001366,381.88872223212843,148.1565210707528,2,15.431991577148438,0.24790781340561807
8192,1,0,61567,14677.71556550952,14004.017265695116,381.76547893113127,148.20054471660174,4,24.49542236328125,0.33246805891394615
8192,1,0,61567,14670.487106017194,13995.643445948832,381.4490594151611,148.1277221881929,8,42.12019348144531,0.9621007682289928
8192,1,0,61567,14671.800841765918,13994.448003416614,381.504572629422,148.19679130067468,1,11.36346435546875,0.23135801777243614
8192,1,0,61567,14675.086210757312,13999.829103648637,381.41664716981353,148.26927923700686,2,15.434188842773438,0.24972772947512567
8192,1,0,61567,14676.400770367716,14005.812959480254,381.6027595394867,148.12377158706883,4,24.459915161132812,0.3292953053023666
8192,1,0,61567,14675.086210757312,13998.632946001366,381.5143446273284,148.41493860129066,8,42.03953552246094,0.7710352090653032
8192,1,0,61567,14673.114812824646,13995.045699154352,381.55521477036007,148.0812657405261,1,11.340896606445312,0.22468611015938222
8192,1,0,61567,14672.45779787758,13995.045699154352,381.68276813191164,148.2382905186395,2,15.4764404296875,0.25356481969356537
8192,1,0,61567,14682.977102657167,14004.615779126421,381.50901438459437,148.23621165279212,4,24.43402099609375,0.33103495463728905
8192,1,0,61567,14676.400770367716,13993.252765085193,381.66543008993034,148.14908586841824,8,42.37483215332031,0.7896613792981952
8192,1,0,61567,14677.058138493236,13992.655222478435,381.6023151409988,148.04112514507966,1,11.36346435546875,0.23135801777243614
8192,1,0,61567,14673.114812824646,14002.222032304931,381.58809493587603,148.0187227783866,2,15.391464233398438,0.23931862018071115
8192,1,0,61567,14679.030596246024,14001.623723454259,380.4861509450613,148.19699237170815,4,24.629074096679688,0.3889490084256977
8192,1,0,61567,14667.203795711921,13995.643445948832,381.5601020039823,148.06821765955698,8,42.05340576171875,0.8730938695371151
8192,1,0,61567,14675.743461125045,13996.241243806595,381.8753707400583,148.2635097929116,1,11.3603515625,0.2305898666381836
8192,1,0,61567,14668.516943462106,13995.643445948832,381.74190714845736,148.14580389940662,2,15.423294067382812,0.2466186413075775
8192,1,0,61567,14678.373051424476,14005.812959480254,382.1109390450958,148.47573132272447,4,24.273330688476562,0.32911418727599084
8192,1,0,61567,14670.487106017194,13996.241243806595,382.2656190759503,148.2763239345354,8,42.29304504394531,0.8211528004612774
8192,1,0,61567,14674.429019256606,13991.460290350129,381.7450202359345,148.18660441575096,1,11.341781616210938,0.22505849576555192
8192,1,0,61567,14666.547309999105,14001.025465732355,381.62720305040887,148.3658162768638,2,15.414535522460938,0.24440480745397508
8192,1,0,61567,14680.345862640563,13999.230999273721,381.568099565426,148.2526429897375,4,24.42401123046875,0.33474084362387657
8192,1,0,61567,14671.800841765918,13992.655222478435,381.5227844829393,148.29484461806655,8,42.32585144042969,0.7626105116214603
8192,1,0,61567,14679.030596246024,13985.488689714042,381.6223140977115,148.18653740140834,1,11.338577270507812,0.22394270240329206
8192,1,0,61567,14675.743461125045,13990.265562291863,381.5929830118456,148.0598547144602,2,15.588973999023438,0.25868518999777734
8192,1,0,61567,14675.086210757312,14000.427259132664,381.67565489848926,148.08956417794428,4,24.763015747070312,0.3494628535117954
8192,1,0,61567,14671.143944481755,13992.655222478435,381.7023308910038,148.14915284889176,8,42.529052734375,0.8853558897972107
8192,1,0,61567,14671.800841765918,13989.668274772659,381.69299386947563,148.1877436688496,1,11.356964111328125,0.22954073455184698
8192,1,0,61567,14669.830326364328,13992.655222478435,381.6405371944622,148.19096047803885,2,15.478851318359375,0.2543439930304885
8192,1,0,61567,14677.058138493236,14003.418803418805,381.68810323097676,148.17615091104275,4,24.653305053710938,0.34789648628793657
8192,1,0,61567,14675.086210757312,13996.241243806595,381.65120518061696,148.17856312737803,8,42.125762939453125,0.8252481361851096
8192,1,0,61567,14679.030596246024,13995.045699154352,381.5063493190796,148.23647989027026,1,11.352096557617188,0.22818560688756406
8192,1,0,61567,14673.114812824646,13992.655222478435,381.9345694610862,148.21167203101734,2,15.474594116210938,0.25402373052202165
8192,1,0,61567,14677.71556550952,14008.806806036511,381.8442208888645,148.28242988057488,4,24.459243774414062,0.3444693011697382
8192,1,0,61567,14673.771886615019,14001.623723454259,381.7792675495778,148.2370834281454,8,42.01289367675781,0.8034989142324775
8192,1,0,61567,14677.71556550952,13997.436992738145,381.7610312021605,148.2051026915545,1,11.361053466796875,0.23069386091083288
8192,1,0,61567,14674.429019256606,13999.829103648637,381.74635443182495,148.3008849717727,2,15.402618408203125,0.2431718548759818
8192,1,0,61567,14681.003584229391,14011.202804977123,381.89406309037236,148.2438568013565,4,24.55694580078125,0.3306499980390072
8192,1,0,61567,14669.830326364328,13993.850358729074,381.78282606441417,148.2209237210472,8,42.56172180175781,0.8222707414533943
8192,1,0,61567,14684.9511517433,14000.427259132664,381.6698755915545,148.11801346116468,1,11.365280151367188,0.2318505623843521
8192,1,0,61567,14673.771886615019,13998.034943825025,381.7321234897828,148.1150006667164,2,15.490966796875,0.2546791434288025
8192,1,0,61567,14681.003584229391,14005.812959480254,381.84778061465283,148.28679157849768,4,24.47412109375,0.3782060146331787
8192,1,0,61567,14677.71556550952,13994.448003416614,381.5978712130476,148.15712395770504,8,42.423492431640625,0.8622191017493606
8192,1,0,61567,14681.661364756486,13990.265562291863,381.6640964596369,148.24083888535267,1,11.3629150390625,0.2312382310628891
8192,1,0,61567,14676.400770367716,14007.010344532786,381.74590969882524,148.36353230895728,2,15.389205932617188,0.2400134929921478
8192,1,0,61567,14688.900842746996,14010.004703065542,381.632981065097,148.1541095720088,4,24.262527465820312,0.35620445176027715
8192,1,0,61567,14677.058138493236,14002.222032304931,381.86513522836395,148.4296614718399,8,41.895782470703125,0.83285818900913
8192,1,0,61567,14675.743461125045,14002.222032304931,381.1930196820212,148.28638894947818,1,11.328155517578125,0.2204999914392829
8192,1,0,61567,14675.086210757312,14001.623723454259,381.60364833956766,148.13850371431258,2,15.401138305664062,0.24217949039302766
8192,1,0,61567,14682.977102657167,14009.405728943993,381.730789393364,148.25478939250738,4,24.433670043945312,0.3417307080235332
8192,1,0,61567,14686.26747938329,14005.812959480254,381.66898648294494,148.24881986374933,8,41.916259765625,0.9093388915061951
8192,1,0,61567,14677.71556550952,14000.427259132664,381.10789721903353,148.19913716334875,1,11.341049194335938,0.22479567653499544
8192,1,0,61567,14679.688199982082,14006.411626415902,381.7196722858331,148.0813326596886,2,15.48822021484375,0.2569413147866726
8192,1,0,61567,14681.003584229391,14013.000342114266,381.5325574138501,148.191295570361,4,24.46649169921875,0.3368898890912533
8192,1,0,61567,14679.030596246024,14005.21434371928,381.7939468508524,148.3299526646022,8,42.05108642578125,0.8127283118665218
8192,1,0,61567,14679.688199982082,13998.034943825025,381.77259551305355,148.24861865205415,1,11.345062255859375,0.22599429544061422
8192,1,0,61567,14679.030596246024,14002.820392290929,381.8108516870847,148.26646154542266,2,15.448410034179688,0.252129735192284
8192,1,0,61567,14687.58404303003,14005.21434371928,381.72011695770186,148.35077025324392,4,24.6568603515625,0.3877788633108139
8192,1,0,61567,14678.373051424476,13999.829103648637,381.81174145677585,148.32471561062408,8,42.08489990234375,0.7970522604882717
8192,1,0,61567,14682.977102657167,13998.034943825025,381.8095170403237,148.22320330028228,1,11.363555908203125,0.23138300981372595
8192,1,0,61567,14677.058138493236,14001.623723454259,381.658762031662,148.31370557502564,2,15.422317504882812,0.24674252956174314
8192,1,0,61567,14681.661364756486,14012.401111823818,381.81174145677585,148.21830899591234,4,24.294174194335938,0.3397768510039896
8192,1,0,61567,14681.003584229391,14001.025465732355,381.8597951792065,148.3586287330749,8,42.111724853515625,0.8245536899194121
8192,1,0,61567,14680.345862640563,13999.829103648637,381.59476052506545,148.19189874035982,1,11.354568481445312,0.22884967341087759
8192,1,0,61567,14681.003584229391,14001.025465732355,381.70410942308723,148.196121067837,2,15.406784057617188,0.24347753613255918
8192,1,0,61567,14681.003584229391,14011.202804977123,381.79350200695586,148.2269580542317,4,24.536865234375,0.3314351439476013
8192,1,0,61567,14681.003584229391,14002.222032304931,381.6956615433001,148.38167163943905,8,42.201446533203125,0.8038406809791923
