Fnoise [fs],Resolution [ps],PDC0 [ps],PDC1 [ps],PVDL0 [ps],PVDL1 [ps],H [bit/bit]
30,64,613.75,386.25,218.0,282.0,0.4553031078379523
30,32.0,603.75,396.25,234.0,266.0,0.8146905161581672
30,16.0,598.75,401.25,242.0,258.0,0.9788812327272216
30,8.0,596.25,403.75,246.0,254.0,0.9999999464339979
30,11.313708498984761,597.2855339059328,402.71446609406723,244.34314575050763,255.65685424949237,0.9999989891462093
30,13.454342644059434,597.9544820762686,402.04551792373144,243.2728286779703,256.72717132202973,0.9958700156482578
30,12.337686603263528,597.6055270635198,402.39447293648016,243.83115669836823,256.16884330163174,0.9989216354687727
30,12.883922655594036,597.7762258298732,402.2237741701269,243.55803867220297,256.441961327797,0.9971145763820157
30,13.166043825231721,597.864388695385,402.1356113046151,243.41697808738414,256.58302191261583,0.9962669958880783
30,13.024219374858784,597.8200685546434,402.1799314453566,243.4878903125706,256.5121096874294,0.9966556760366738
30,64,1113.75,886.25,218.0,282.0,0.605934564432
30,32.0,1103.75,896.25,234.0,266.0,0.8698122980344252
30,16.0,1098.75,901.25,242.0,258.0,0.9921087887176872
30,8.0,1096.25,903.75,246.0,254.0,0.9999999999852179
30,11.313708498984761,1097.2855339059327,902.7144660940672,244.34314575050763,255.65685424949237,0.9999962562977924
30,13.454342644059434,1097.9544820762685,902.0455179237314,243.2728286779703,256.72717132202973,0.9992857442225884
30,14.67206469127474,1098.3350202160234,901.6649797839766,242.66396765436264,257.33603234563736,0.999987393602099
30,15.321652491177177,1098.5380164034927,901.4619835965071,242.3391737544114,257.66082624558857,0.9982462129280244
30,15.657152993403201,1098.6428603104384,901.3571396895616,242.1714235032984,257.8285764967016,0.995793816435292
30,15.488494347938355,1098.5901544837307,901.4098455162692,242.25575282603083,257.7442471739692,0.9971655617089377
30,64,1613.75,1386.25,218.0,282.0,0.6924772829528867
30,32.0,1603.75,1396.25,234.0,266.0,0.9034587167291279
30,16.0,1598.75,1401.25,242.0,258.0,0.9971119405789146
30,22.627416997969522,1600.8210678118655,1399.1789321881345,238.68629150101523,261.31370849898474,0.9250595710302225
30,19.027313840043536,1599.6960355750136,1400.3039644249864,240.48634307997824,259.5136569200218,0.9975574040077972
30,20.749432874416154,1600.2341977732551,1399.7658022267449,239.62528356279194,260.37471643720806,0.9904060828190699
30,19.869724993175744,1599.9592890603674,1400.0407109396326,240.06513750341213,259.93486249658787,0.999806878968126
30,20.30481531506773,1600.0952547859586,1399.9047452140414,239.84759234246613,260.15240765753384,0.9970817500047546
30,20.525920257260452,1600.164350080394,1399.835649919606,239.73703987136977,260.2629601286302,0.9942825975766016
30,20.415068454342276,1600.1297088919819,1399.8702911080181,239.79246577282885,260.20753422717115,0.9958125319081078
30,64,2113.75,1886.25,218.0,282.0,0.7481473156987528
30,32.0,2103.75,1896.25,234.0,266.0,0.927124371039598
30,16.0,2098.75,1901.25,242.0,258.0,0.9989678088890108
30,22.627416997969522,2100.8210678118653,1899.1789321881345,238.68629150101523,261.31370849898474,0.957275705452143
30,19.027313840043536,2099.6960355750134,1900.3039644249864,240.48634307997824,259.5136569200218,0.9991976411694274
30,20.749432874416154,2100.234197773255,1899.7658022267449,239.62528356279194,260.37471643720806,0.9944594212248951
30,19.869724993175744,2099.9592890603676,1900.0407109396326,240.06513750341213,259.93486249658787,0.999781656900677
30,20.30481531506773,2100.095254785959,1899.9047452140414,239.84759234246613,260.15240765753384,0.9981547172580174
30,20.525920257260452,2100.164350080394,1899.835649919606,239.73703987136977,260.2629601286302,0.9965950032581321
30,20.415068454342276,2100.129708891982,1899.8702911080181,239.79246577282885,260.20753422717115,0.997443744923175
30,64,2613.75,2386.25,218.0,282.0,0.7868538455173468
30,32.0,2603.75,2396.25,234.0,266.0,0.9446627017861056
30,16.0,2598.75,2401.25,242.0,258.0,0.9996387169475656
30,22.627416997969522,2600.8210678118653,2399.1789321881347,238.68629150101523,261.31370849898474,0.975650667724386
30,19.027313840043536,2599.6960355750134,2400.3039644249866,240.48634307997824,259.5136569200218,0.9997524954165808
30,20.749432874416154,2600.234197773255,2399.765802226745,239.62528356279194,260.37471643720806,0.9968315167181685
30,19.869724993175744,2599.9592890603676,2400.0407109396324,240.06513750341213,259.93486249658787,0.9998103148165599
30,20.30481531506773,2600.095254785959,2399.904745214041,239.84759234246613,260.15240765753384,0.9988678418458824
30,20.525920257260452,2600.164350080394,2399.835649919606,239.73703987136977,260.2629601286302,0.9980049207721157
30,20.63737397450665,2600.199179367033,2399.800820632967,239.68131301274667,260.31868698725333,0.9974589811074119
30,64,3113.75,2886.25,218.0,282.0,0.815293316404189
30,32.0,3103.75,2896.25,234.0,266.0,0.9578942913522878
30,16.0,3098.75,2901.25,242.0,258.0,0.9998761153321318
30,22.627416997969522,3100.8210678118653,2899.1789321881347,238.68629150101523,261.31370849898474,0.9860951030405489
30,19.027313840043536,3099.6960355750134,2900.3039644249866,240.48634307997824,259.5136569200218,0.9999305144962467
30,20.749432874416154,3100.234197773255,2899.765802226745,239.62528356279194,260.37471643720806,0.9982035618814384
30,21.668088750990286,3100.5212777346846,2899.4787222653154,239.16595562450485,260.8340443754951,0.993648562963473
30,21.20378629055586,3100.376183215799,2899.623816784201,239.39810685472207,260.6018931452779,0.996340376566295
30,20.97537938439623,3100.304806057624,2899.695193942376,239.5123103078019,260.4876896921981,0.9973727379781696
30,21.089273620257025,3100.3403980063304,2899.6596019936696,239.4553631898715,260.5446368101285,0.9968823829329201
30,64,3613.75,3386.25,218.0,282.0,0.8370707718720295
30,32.0,3603.75,3396.25,234.0,266.0,0.9679435801028149
30,16.0,3598.75,3401.25,242.0,258.0,0.999958534917512
30,22.627416997969522,3600.8210678118653,3399.1789321881347,238.68629150101523,261.31370849898474,0.9920572981344649
30,19.027313840043536,3599.6960355750134,3400.3039644249866,240.48634307997824,259.5136569200218,0.9999833978079173
30,20.749432874416154,3600.234197773255,3399.765802226745,239.62528356279194,260.37471643720806,0.9989885645795764
30,21.668088750990286,3600.5212777346846,3399.4787222653154,239.16595562450485,260.8340443754951,0.9964506248100126
30,21.20378629055586,3600.376183215799,3399.623816784201,239.39810685472207,260.6018931452779,0.9979608359223356
30,21.43468038485285,3600.4483376202666,3399.5516623797334,239.28265980757357,260.71734019242643,0.997268082417311
30,21.551068579727136,3600.4847089311647,3399.5152910688353,239.22446571013643,260.7755342898636,0.996874948677168
30,64,4113.75,3886.25,218.0,282.0,0.8542538595394829
30,32.0,4103.75,3896.25,234.0,266.0,0.9756027997284653
30,16.0,4098.75,3901.25,242.0,258.0,0.9999866846610159
30,22.627416997969522,4100.821067811866,3899.1789321881347,238.68629150101523,261.31370849898474,0.9954589895783836
30,19.027313840043536,4099.696035575013,3900.3039644249866,240.48634307997824,259.5136569200218,0.9999972220952892
30,20.749432874416154,4100.234197773255,3899.765802226745,239.62528356279194,260.37471643720806,0.9994329665296313
30,21.668088750990286,4100.521277734684,3899.4787222653154,239.16595562450485,260.8340443754951,0.9980164666170948
30,22.142558111421312,4100.669549409819,3899.330450590181,238.92872094428935,261.07127905571065,0.9968701785005329
30,21.904038767593452,4100.595012114873,3899.404987885127,239.04798061620326,260.9520193837967,0.9974798540735844
30,22.022975532072483,4100.632179853773,3899.367820146227,238.98851223396375,261.0114877660362,0.9971838152664139
30,64,4613.75,4386.25,218.0,282.0,0.8681728873509813
30,32.0,4603.75,4396.25,234.0,266.0,0.9814544359885753
30,16.0,4598.75,4401.25,242.0,258.0,0.9999961583311009
30,22.627416997969522,4600.821067811866,4399.178932188134,238.68629150101523,261.31370849898474,0.9973958200920557
30,26.908685288118868,4602.158964152537,4397.841035847463,236.54565735594056,263.4543426440594,0.9956450253514628
30,24.675373206527055,4601.4610541270395,4398.5389458729605,237.66231339673647,262.33768660326353,0.9938548438303718
30,23.629218335031993,4601.134130729697,4398.865869270303,238.18539083248402,261.814609167516,0.9954438113350492
30,23.12289291163275,4600.975904034885,4399.024095965115,238.43855354418363,261.5614464558164,0.9964388014885309
30,22.87381341427152,4600.89806669196,4399.10193330804,238.56309329286424,261.43690670713573,0.996928517767582
30,22.75028163470665,4600.8594630108455,4399.1405369891545,238.62485918264667,261.3751408173533,0.9971656198855368
30,64,5113.75,4886.25,218.0,282.0,0.879653497833647
30,32.0,5103.75,4896.25,234.0,266.0,0.985939738725645
30,16.0,5098.75,4901.25,242.0,258.0,0.9999991925371009
30,22.627416997969522,5100.821067811866,4899.178932188134,238.68629150101523,261.31370849898474,0.9984963234691249
30,26.908685288118868,5102.158964152537,4897.841035847463,236.54565735594056,263.4543426440594,0.9972143852285393
30,29.34412938254948,5102.920040432046,4897.079959567954,235.32793530872527,264.6720646912747,0.9999313137569923
30,30.643304982354355,5103.3260328069855,4896.6739671930145,234.6783475088228,265.3216524911772,0.9965620394719128
30,29.9866821457648,5103.120838170552,4896.879161829448,235.0066589271176,264.9933410728824,0.9989744736424659
30,30.31321570539145,5103.222879907935,4896.777120092065,234.8433921473043,265.15660785269574,0.9979755947257061
30,30.477813469082786,5103.274316709088,4896.725683290912,234.7610932654586,265.2389067345414,0.9973235810505532
30,64,5613.75,5386.25,218.0,282.0,0.8893472398398918
30,32.0,5603.75,5396.25,234.0,266.0,0.9893780207019391
30,16.0,5598.75,5401.25,242.0,258.0,0.9999999778841813
30,22.627416997969522,5600.821067811866,5399.178932188134,238.68629150101523,261.31370849898474,0.9991191156224626
30,26.908685288118868,5602.158964152537,5397.841035847463,236.54565735594056,263.4543426440594,0.9982152398779742
30,29.34412938254948,5602.920040432046,5397.079959567954,235.32793530872527,264.6720646912747,0.9999371381176223
30,30.643304982354355,5603.3260328069855,5396.6739671930145,234.6783475088228,265.3216524911772,0.99741576111292
30,31.314305986806403,5603.535720620877,5396.464279379123,234.3428470065968,265.6571529934032,0.9942229978605375
30,30.97698869587671,5603.430308967461,5396.569691032539,234.51150565206166,265.48849434793834,0.9960123628437827
30,30.809695098177997,5603.37802971818,5396.62197028182,234.595152450911,265.404847549089,0.9967597154904807
30,64,6113.75,5886.25,218.0,282.0,0.8975897494408619
30,32.0,6103.75,5896.25,234.0,266.0,0.9920197768238983
30,16.0,6098.75,5901.25,242.0,258.0,0.9999998034720525
30,22.627416997969522,6100.821067811866,5899.178932188134,238.68629150101523,261.31370849898474,0.9994692135620428
30,26.908685288118868,6102.158964152537,5897.841035847463,236.54565735594056,263.4543426440594,0.9988521684978262
30,29.34412938254948,6102.920040432046,5897.079959567954,235.32793530872527,264.6720646912747,0.9999453645867322
30,30.643304982354355,6103.3260328069855,5896.6739671930145,234.6783475088228,265.3216524911772,0.9980699575768752
30,31.314305986806403,6103.535720620877,5896.464279379123,234.3428470065968,265.6571529934032,0.995687498453079
30,30.97698869587671,6103.430308967461,5896.569691032539,234.51150565206166,265.48849434793834,0.9970270998996742
30,31.14519068126773,6103.482872087896,5896.517127912104,234.42740465936615,265.5725953406339,0.9963967220155627
30,64,6613.75,6386.25,218.0,282.0,0.9046875344869294
30,32.0,6603.75,6396.25,234.0,266.0,0.9940474894257112
30,16.0,6598.75,6401.25,242.0,258.0,0.9999989884574956
30,22.627416997969522,6600.821067811866,6399.178932188134,238.68629150101523,261.31370849898474,0.9996646557659487
30,26.908685288118868,6602.158964152537,6397.841035847463,236.54565735594056,263.4543426440594,0.999256419694589
30,29.34412938254948,6602.920040432046,6397.079959567954,235.32793530872527,264.6720646912747,0.9999551179867107
30,30.643304982354355,6603.3260328069855,6396.6739671930145,234.6783475088228,265.3216524911772,0.9985770838409618
30,31.314305986806403,6603.535720620877,6396.464279379123,234.3428470065968,265.6571529934032,0.9968122138580366
30,30.97698869587671,6603.430308967461,6396.569691032539,234.51150565206166,265.48849434793834,0.9978092509230776
30,31.14519068126773,6603.482872087896,6396.517127912104,234.42740465936615,265.5725953406339,0.9973402802940101
30,64,7113.75,6886.25,218.0,282.0,0.9109338994437125
30,32.0,7103.75,6896.25,234.0,266.0,0.9956090660253026
30,16.0,7098.75,6901.25,242.0,258.0,0.9999975346663837
30,22.627416997969522,7100.821067811866,6899.178932188134,238.68629150101523,261.31370849898474,0.9997739790643269
30,26.908685288118868,7102.158964152537,6897.841035847463,236.54565735594056,263.4543426440594,0.9995134102090835
30,29.34412938254948,7102.920040432046,6897.079959567954,235.32793530872527,264.6720646912747,0.999964939275684
30,30.643304982354355,7103.3260328069855,6896.6739671930145,234.6783475088228,265.3216524911772,0.9989653864962889
30,31.314305986806403,7103.535720620877,6896.464279379123,234.3428470065968,265.6571529934032,0.9976613301419059
30,31.655296422207215,7103.6422801319395,6896.3577198680605,234.17235178889638,265.8276482111036,0.9967434617986574
30,31.48433957173081,7103.5888561161655,6896.4111438838345,234.2578302141346,265.7421697858654,0.9972319343434255
30,64,7613.75,7386.25,218.0,282.0,0.9163484458287927
30,32.0,7603.75,7396.25,234.0,266.0,0.9968054888902511
30,16.0,7598.75,7401.25,242.0,258.0,0.9999952637151044
30,22.627416997969522,7600.821067811866,7399.178932188134,238.68629150101523,261.31370849898474,0.999833328670948
30,26.908685288118868,7602.158964152537,7397.841035847463,236.54565735594056,263.4543426440594,0.9996764271922595
30,29.34412938254948,7602.920040432046,7397.079959567954,235.32793530872527,264.6720646912747,0.9999742712738336
30,30.643304982354355,7603.3260328069855,7396.6739671930145,234.6783475088228,265.3216524911772,0.9992649479612647
30,31.314305986806403,7603.535720620877,7396.464279379123,234.3428470065968,265.6571529934032,0.9983213116246238
30,31.655296422207215,7603.6422801319395,7396.3577198680605,234.17235178889638,265.8276482111036,0.9976452219740346
30,31.82718155147626,7603.695994234837,7396.304005765163,234.08640922426187,265.91359077573816,0.9972478486029839
30,64,8113.75,7886.25,218.0,282.0,0.9211713207563557
30,32.0,8103.75,7896.25,234.0,266.0,0.9977137489337633
30,45.254833995939045,8107.892135623731,7892.107864376269,227.37258300203047,272.62741699796953,0.9481792395335799
30,38.05462768008707,8105.642071150027,7894.357928849973,230.97268615995645,269.0273138400435,0.9660724578498032
30,34.896247445288246,8104.655077326653,7895.344922673347,232.5518762773559,267.44812372264414,0.9869851447627875
30,33.41676103767724,8104.192737824274,7895.807262175726,233.29161948116138,266.7083805188386,0.9937633367268656
30,32.70070875693173,8103.968971486541,7896.031028513459,233.64964562153415,266.35035437846585,0.996066406544932
30,32.348457153654415,8103.858892860517,7896.141107139483,233.8257714231728,266.1742285768272,0.9969585758695867
30,32.17375683560969,8103.804299011128,7896.195700988872,233.91312158219515,266.0868784178048,0.9973540643467085
30,32.260988739789354,8103.831558981185,7896.168441018815,233.86950563010532,266.1304943698947,0.9971606743359126
30,64,8613.75,8386.25,218.0,282.0,0.9253979194138162
30,32.0,8603.75,8396.25,234.0,266.0,0.9983988941610431
30,45.254833995939045,8607.892135623732,8392.107864376268,227.37258300203047,272.62741699796953,0.9554709263425107
30,38.05462768008707,8605.642071150027,8394.357928849973,230.97268615995645,269.0273138400435,0.9732006999603553
30,34.896247445288246,8604.655077326652,8395.344922673348,232.5518762773559,267.44812372264414,0.9902736748578272
30,33.41676103767724,8604.192737824274,8395.807262175726,233.29161948116138,266.7083805188386,0.9955125497143812
30,32.70070875693173,8603.968971486542,8396.031028513458,233.64964562153415,266.35035437846585,0.9972212202972677
30,33.05679612867931,8604.080248790213,8395.919751209787,233.47160193566035,266.5283980643396,0.9964382341644169
30,32.87827037180044,8604.024459491187,8395.975540508813,233.56086481409977,266.4391351859002,0.9968490541626693
30,32.78936937270834,8603.996677928972,8396.003322071028,233.60531531364583,266.3946846863542,0.9970424422387333
30,64,9113.75,8886.25,218.0,282.0,0.9292113118422933
30,32.0,9103.75,8896.25,234.0,266.0,0.9989227327545241
30,45.254833995939045,9107.892135623732,8892.107864376268,227.37258300203047,272.62741699796953,0.9617749727838418
30,38.05462768008707,9105.642071150027,8894.357928849973,230.97268615995645,269.0273138400435,0.9789947057430228
30,34.896247445288246,9104.655077326652,8895.344922673348,232.5518762773559,267.44812372264414,0.9928613724242001
30,33.41676103767724,9104.192737824274,8895.807262175726,233.29161948116138,266.7083805188386,0.9968292186844632
30,32.70070875693173,9103.968971486542,8896.031028513458,233.64964562153415,266.35035437846585,0.9980690869859932
30,33.05679612867931,9104.080248790213,8895.919751209787,233.47160193566035,266.5283980643396,0.9975167769390204
30,33.23629126276412,9104.136341019614,8895.863658980386,233.38185436861795,266.61814563138205,0.9971870906908735
30,33.326403990026115,9104.164501246883,8895.835498753117,233.33679800498695,266.6632019950131,0.9970119388679262
30,64,9613.75,9386.25,218.0,282.0,0.9326562986010678
30,32.0,9603.75,9396.25,234.0,266.0,0.9993159381226181
30,45.254833995939045,9607.892135623732,9392.107864376268,227.37258300203047,272.62741699796953,0.967200458252359
30,38.05462768008707,9605.642071150027,9394.357928849973,230.97268615995645,269.0273138400435,0.9836657177975574
30,34.896247445288246,9604.655077326652,9395.344922673348,232.5518762773559,267.44812372264414,0.9948866929798412
30,33.41676103767724,9604.192737824274,9395.807262175726,233.29161948116138,266.7083805188386,0.997825506647313
30,34.14849282165835,9604.421404006769,9395.578595993231,232.92575358917082,267.0742464108292,0.9965778987235351
30,33.78064570753782,9604.306451783606,9395.693548216394,233.1096771462311,266.8903228537689,0.9972425702638632
30,33.96407127325638,9604.363772272893,9395.636227727107,233.01796436337182,266.9820356366282,0.9969358230330814
30,33.8722343294244,9604.335073227945,9395.664926772055,233.0638828352878,266.9361171647122,0.9971062370978901
30,64,10113.75,9886.25,218.0,282.0,0.9358323230144938
30,32.0,10103.75,9896.25,234.0,266.0,0.9995926720487158
30,45.254833995939045,10107.892135623732,9892.107864376268,227.37258300203047,272.62741699796953,0.9718911229549816
30,38.05462768008707,10105.642071150027,9894.357928849973,230.97268615995645,269.0273138400435,0.9875456575869469
30,34.896247445288246,10104.655077326652,9895.344922673348,232.5518762773559,267.44812372264414,0.9964278356394707
30,33.41676103767724,10104.192737824274,9895.807262175726,233.29161948116138,266.7083805188386,0.9985780972495313
30,34.14849282165835,10104.421404006769,9895.578595993231,232.92575358917082,267.0742464108292,0.9976890963785954
30,34.520345528227836,10104.53760797757,9895.46239202243,232.73982723588608,267.2601727641139,0.9971091120275777
30,34.707787590825895,10104.596183622132,9895.403816377868,232.64610620458706,267.35389379541294,0.9967801646251493
30,34.61393967978289,10104.566856149931,9895.433143850069,232.69303016010855,267.30696983989145,0.996948045140087
30,64,10613.75,10386.25,218.0,282.0,0.9386478882087617
30,32.0,10603.75,10396.25,234.0,266.0,0.9997837497251474
30,45.254833995939045,10607.892135623732,10392.107864376268,227.37258300203047,272.62741699796953,0.9759610656987219
30,38.05462768008707,10605.642071150027,10394.357928849973,230.97268615995645,269.0273138400435,0.9906103454750007
30,34.896247445288246,10604.655077326652,10395.344922673348,232.5518762773559,267.44812372264414,0.9976192756118565
30,36.44123631221413,10605.137886347567,10394.862113652433,231.77938184389293,268.2206181561071,0.9948558825612928
30,35.66037576306856,10604.893867425959,10395.106132574041,232.16981211846573,267.8301878815343,0.9963662535598958
30,35.27624266585091,10604.77382583308,10395.22617416692,232.36187866707454,267.63812133292544,0.9970386174494752
30,35.46778917515771,10604.833684117237,10395.166315882763,232.26610541242115,267.73389458757885,0.9967172433925766
30,35.37188626245572,10604.803714457017,10395.196285542983,232.31405686877213,267.6859431312279,0.9968811489709368
30,64,11113.75,10886.25,218.0,282.0,0.9412413082112355
30,32.0,11103.75,10896.25,234.0,266.0,0.9999037653761937
30,45.254833995939045,11107.892135623732,10892.107864376268,227.37258300203047,272.62741699796953,0.9794481189863434
30,38.05462768008707,11105.642071150027,10894.357928849973,230.97268615995645,269.0273138400435,0.9930760441714566
30,34.896247445288246,11104.655077326652,10895.344922673348,232.5518762773559,267.44812372264414,0.9985200339348486
30,36.44123631221413,11105.137886347567,10894.862113652433,231.77938184389293,268.2206181561071,0.9964296840815756
30,35.66037576306856,11104.893867425959,10895.106132574041,232.16981211846573,267.8301878815343,0.997625955496497
30,36.04869179546374,11105.015216186082,10894.984783813918,231.97565410226812,268.02434589773185,0.9970593738748426
30,36.244432627159014,11105.076385195987,10894.923614804013,231.87778368642049,268.1222163135795,0.9967446473211661
30,36.14642971412122,11105.045759285664,10894.954240714336,231.9267851429394,268.07321485706063,0.9969062988742812
30,64,11613.75,11386.25,218.0,282.0,0.9435629571263109
30,32.0,11603.75,11396.25,234.0,266.0,0.9999729856975552
30,45.254833995939045,11607.892135623732,11392.107864376268,227.37258300203047,272.62741699796953,0.9825035729397558
30,38.05462768008707,11605.642071150027,11394.357928849973,230.97268615995645,269.0273138400435,0.9950552320636106
30,34.896247445288246,11604.655077326652,11395.344922673348,232.5518762773559,267.44812372264414,0.9991453840953335
30,36.44123631221413,11605.137886347567,11394.862113652433,231.77938184389293,268.2206181561071,0.9976775580495618
30,37.23919548088248,11605.387248587776,11394.612751412224,231.38040225955876,268.61959774044124,0.9965304477770012
30,36.838055358495446,11605.26189229953,11394.73810770047,231.58097232075227,268.41902767924773,0.9971270325203231
30,37.03808235628003,11605.324400736337,11394.675599263663,231.48095882185999,268.51904117814,0.996824340112054
30,36.93793345888691,11605.293104205903,11394.706895794097,231.53103327055655,268.4689667294435,0.9969799906222792
30,64,12113.75,11886.25,218.0,282.0,0.9458225070242645
30,32.0,12103.75,11896.25,234.0,266.0,0.9999991792591127
30,45.254833995939045,12107.892135623732,11892.107864376268,227.37258300203047,272.62741699796953,0.9851196868544321
30,38.05462768008707,12105.642071150027,11894.357928849973,230.97268615995645,269.0273138400435,0.9966130990320179
30,34.896247445288246,12104.655077326652,11895.344922673348,232.5518762773559,267.44812372264414,0.9995795244582386
30,36.44123631221413,12105.137886347567,11894.862113652433,231.77938184389293,268.2206181561071,0.998582457205548
30,37.23919548088248,12105.387248587776,11894.612751412224,231.38040225955876,268.61959774044124,0.9977300553135768
30,37.644703732809,12105.513969916503,11894.486030083497,231.1776481335955,268.8223518664045,0.9971822102112702
30,37.84911075149891,12105.577847109844,11894.422152890156,231.07544462425054,268.92455537574943,0.9968788326329623
30,37.74676887881203,12105.54586527463,11894.45413472537,231.126615560594,268.87338443940604,0.9970348336058528
30,64,12613.75,12386.25,218.0,282.0,0.9479527030045021
30,32.0,12603.75,12396.25,234.0,266.0,0.9999910120697318
30,45.254833995939045,12607.892135623732,12392.107864376268,227.37258300203047,272.62741699796953,0.9873932544976267
30,38.05462768008707,12605.642071150027,12394.357928849973,230.97268615995645,269.0273138400435,0.9977882304391008
30,41.49886574883231,12606.71839554651,12393.28160445349,229.25056712558384,270.74943287441613,0.9918130349013341
30,39.73944998635149,12606.168578120734,12393.831421879266,230.13027500682426,269.86972499317574,0.9951913020278618
30,38.887915519375,12605.902473599805,12394.097526400195,230.5560422403125,269.4439577596875,0.9966359794446178
30,38.4690154064865,12605.771567314527,12394.228432685473,230.76549229675675,269.23450770324325,0.9972377797923847
30,38.677898356050605,12605.836843236266,12394.163156763734,230.6610508219747,269.3389491780253,0.9969482849795008
30,38.573315488163956,12605.804161090051,12394.195838909949,230.713342255918,269.286657744082,0.9971039032287645
30,64,13113.75,12886.25,218.0,282.0,0.9495906823459629
30,32.0,13103.75,12896.25,234.0,266.0,0.9999554900733754
30,45.254833995939045,13107.892135623732,12892.107864376268,227.37258300203047,272.62741699796953,0.9893490900060974
30,38.05462768008707,13105.642071150027,12894.357928849973,230.97268615995645,269.0273138400435,0.9986666399765751
30,41.49886574883231,13106.71839554651,12893.28160445349,229.25056712558384,270.74943287441613,0.9936299223298308
30,39.73944998635149,13106.168578120734,12893.831421879266,230.13027500682426,269.86972499317574,0.9966004837986506
30,38.887915519375,13105.902473599805,12894.097526400195,230.5560422403125,269.4439577596875,0.9977696683091062
30,39.311377155419834,13106.034805361069,12893.965194638931,230.34431142229008,269.6556885777099,0.9972050231430409
30,39.52483404598186,13106.10151063937,12893.89848936063,230.23758297700908,269.7624170229909,0.9969091395374408
30,39.41796111149043,13106.06811284734,12893.93188715266,230.2910194442548,269.7089805557452,0.997063694770226
30,64,13613.75,13386.25,218.0,282.0,0.9515943381474045
30,32.0,13603.75,13396.25,234.0,266.0,0.9998952566055447
30,45.254833995939045,13607.892135623732,13392.107864376268,227.37258300203047,272.62741699796953,0.9910491458358748
30,38.05462768008707,13605.642071150027,13394.357928849973,230.97268615995645,269.0273138400435,0.9992727499752803
30,41.49886574883231,13606.71839554651,13393.28160445349,229.25056712558384,270.74943287441613,0.9951812765559727
30,39.73944998635149,13606.168578120734,13393.831421879266,230.13027500682426,269.86972499317574,0.997701892594744
30,40.60963063013546,13606.440509571918,13393.559490428082,229.69518468493226,270.30481531506774,0.9965336766669408
30,40.172184224790115,13606.303807570246,13393.696192429754,229.91390788760495,270.0860921123951,0.9971404510646023
30,40.390315212616024,13606.371973503943,13393.628026496057,229.80484239369198,270.195157606308,0.9968523567885217
30,40.28110206559093,13606.337844395497,13393.662155604503,229.85944896720454,270.1405510327955,0.9970033022073306
30,64,14113.75,13886.25,218.0,282.0,0.953261140416324
30,32.0,14103.75,13896.25,234.0,266.0,0.9998173065185696
30,45.254833995939045,14107.892135623732,13892.107864376268,227.37258300203047,272.62741699796953,0.99248595169623
30,38.05462768008707,14105.642071150027,13894.357928849973,230.97268615995645,269.0273138400435,0.9996768277029592
30,41.49886574883231,14106.71839554651,13893.28160445349,229.25056712558384,270.74943287441613,0.9964318821596353
30,39.73944998635149,14106.168578120734,13893.831421879266,230.13027500682426,269.86972499317574,0.998546520834717
30,40.60963063013546,14106.440509571918,13893.559490428082,229.69518468493226,270.30481531506774,0.9975822091844097
30,41.051840514520904,14106.578700160788,13893.421299839212,229.47407974273955,270.52592025726045,0.9970257108773537
30,41.2747479490133,14106.648358734066,13893.351641265934,229.36262602549334,270.63737397450666,0.9967304944713837
30,41.16314334547282,14106.613482295461,13893.386517704539,229.4184283272636,270.5815716727364,0.996880393792553
30,64,14613.75,14386.25,218.0,282.0,0.954469748077033
30,32.0,14603.75,14396.25,234.0,266.0,0.9997213371835871
30,45.254833995939045,14607.892135623732,14392.107864376268,227.37258300203047,272.62741699796953,0.9937471922401554
30,38.05462768008707,14605.642071150027,14394.357928849973,230.97268615995645,269.0273138400435,0.9999137825335696
30,41.49886574883231,14606.71839554651,14393.28160445349,229.25056712558384,270.74943287441613,0.9974361241897916
30,43.33617750198057,14607.292555469368,14392.707444530632,228.33191124900972,271.6680887509903,0.9952969157074703
30,42.40757258111172,14607.002366431598,14392.997633568402,228.79621370944415,271.20378629055585,0.996348981106241
30,41.95075876879246,14606.859612115248,14393.140387884752,229.02462061560377,270.9753793843962,0.9969071691189195
30,41.724200486141946,14606.78881265192,14393.21118734808,229.13789975692902,270.862100243071,0.997167423727322
30,41.83732626990967,14606.824164459347,14393.175835540653,229.08133686504516,270.91866313495484,0.9970407916974906
30,64,15113.75,14886.25,218.0,282.0,0.9560427396513622
30,32.0,15103.75,14896.25,234.0,266.0,0.9996306235332377
30,45.254833995939045,15107.892135623732,14892.107864376268,227.37258300203047,272.62741699796953,0.9948141759955333
30,38.05462768008707,15105.642071150027,14894.357928849973,230.97268615995645,269.0273138400435,0.9999991807194362
30,41.49886574883231,15106.71839554651,14893.28160445349,229.25056712558384,270.74943287441613,0.9982027676168985
30,43.33617750198057,15107.292555469368,14892.707444530632,228.33191124900972,271.6680887509903,0.9963328893346427
30,42.40757258111172,15107.002366431598,14892.997633568402,228.79621370944415,271.20378629055585,0.9972904389794037
30,42.8693607697057,15107.146675240532,14892.853324759468,228.56531961514716,271.43468038485287,0.9968084974255131
30,42.63784150666117,15107.074325470832,14892.925674529168,228.6810792466694,271.3189207533306,0.9970361020059211
30,42.75344442253267,15107.110451382041,14892.889548617959,228.62327778873367,271.3767222112663,0.9969322154447593
30,64,15613.75,15386.25,218.0,282.0,0.9573494548787043
30,32.0,15603.75,15396.25,234.0,266.0,0.999502797036413
30,45.254833995939045,15607.892135623732,15392.107864376268,227.37258300203047,272.62741699796953,0.9957372237157761
30,38.05462768008707,15605.642071150027,15394.357928849973,230.97268615995645,269.0273138400435,0.9999561367483243
30,41.49886574883231,15606.71839554651,15393.28160445349,229.25056712558384,270.74943287441613,0.9988353138530102
30,43.33617750198057,15607.292555469368,15392.707444530632,228.33191124900972,271.6680887509903,0.9971803545578433
30,44.285116222842625,15607.589098819639,15392.410901180361,227.85744188857868,272.1425581114213,0.9963590228481285
30,43.808077535186904,15607.440024229745,15392.559975770255,228.09596123240655,271.9040387675935,0.9967571137606819
30,43.5714886604232,15607.366090206382,15392.633909793618,228.2142556697884,271.7857443302116,0.9969713222390326
30,43.45367379881284,15607.329273062129,15392.670726937871,228.2731631005936,271.7268368994064,0.997074697335054
30,64,16113.75,15886.25,218.0,282.0,0.9585697797119374
30,32.0,16103.75,15896.25,234.0,266.0,0.9993799044587633
30,45.254833995939045,16107.892135623732,15892.107864376268,227.37258300203047,272.62741699796953,0.9965262515948627
30,38.05462768008707,16105.642071150027,15894.357928849973,230.97268615995645,269.0273138400435,0.9998046172268826
30,41.49886574883231,16106.71839554651,15893.28160445349,229.25056712558384,270.74943287441613,0.9992975584186119
30,43.33617750198057,16107.292555469368,15892.707444530632,228.33191124900972,271.6680887509903,0.9978823394759853
30,44.285116222842625,16107.589098819639,15892.410901180361,227.85744188857868,272.1425581114213,0.9971212316920753
30,44.76734952122596,16107.739796725384,15892.260203274616,227.616325239387,272.38367476061296,0.9968011461100225
30,44.52558002470164,16107.66424375772,15892.33575624228,227.73720998764918,272.2627900123508,0.9969405681961827
30,44.40518535355294,16107.626620422985,15892.373379577015,227.79740732322352,272.2025926767765,0.9970284510834608
30,64,16613.75,16386.25,218.0,282.0,0.9596196198081905
30,32.0,16603.75,16396.25,234.0,266.0,0.9992677402042205
30,45.254833995939045,16607.89213562373,16392.10786437627,227.37258300203047,272.62741699796953,0.9971933065595102
30,53.817370576237735,16610.567928305074,16389.432071694926,223.09131471188113,276.9086852881189,0.9997411388227238
30,58.68825876509896,16612.090080864094,16387.909919135906,220.65587061745052,279.34412938254945,0.9941942370629921
30,56.20006913194558,16611.312521603733,16388.687478396267,221.8999654340272,278.1000345659728,0.9994675531564811
30,57.43069040009943,16611.697090750033,16388.302909249967,221.2846547999503,278.71534520004974,0.9977111353878034
30,58.056069616012756,16611.892521755002,16388.107478244998,220.97196519199363,279.0280348080064,0.9962693305016406
30,57.74253336981196,16611.794541678068,16388.205458321932,221.12873331509402,278.871266684906,0.9970393321708589
30,57.899089259873016,16611.84346539371,16388.15653460629,221.0504553700635,278.9495446299365,0.9966663792487623
30,64,17113.75,16886.25,218.0,282.0,0.9604059037577733
30,32.0,17103.75,16896.25,234.0,266.0,0.9991668269585694
30,45.254833995939045,17107.89213562373,16892.10786437627,227.37258300203047,272.62741699796953,0.9977607111224693
30,53.817370576237735,17110.567928305074,16889.432071694926,223.09131471188113,276.9086852881189,0.9997746879285305
30,58.68825876509896,17112.090080864094,16887.909919135906,220.65587061745052,279.34412938254945,0.994560079692949
30,56.20006913194558,17111.312521603733,16888.687478396267,221.8999654340272,278.1000345659728,0.9995009955715436
30,57.43069040009943,17111.697090750033,16888.302909249967,221.2846547999503,278.71534520004974,0.9977528084092151
30,58.056069616012756,17111.892521755002,16888.107478244998,220.97196519199363,279.0280348080064,0.9963448357282982
30,57.74253336981196,17111.794541678068,16888.205458321932,221.12873331509402,278.871266684906,0.997098632800409
30,57.899089259873016,17111.84346539371,16888.15653460629,221.0504553700635,278.9495446299365,0.9967342836370083
30,64,17613.75,17386.25,218.0,282.0,0.9615141943962691
30,32.0,17603.75,17396.25,234.0,266.0,0.9990241050530835
30,45.254833995939045,17607.89213562373,17392.10786437627,227.37258300203047,272.62741699796953,0.9982297394884666
30,53.817370576237735,17610.567928305074,17389.432071694926,223.09131471188113,276.9086852881189,0.9998146160611294
30,58.68825876509896,17612.090080864094,17387.909919135906,220.65587061745052,279.34412938254945,0.9945549349208387
30,56.20006913194558,17611.312521603733,17388.687478396267,221.8999654340272,278.1000345659728,0.9994911370608555
30,57.43069040009943,17611.697090750033,17388.302909249967,221.2846547999503,278.71534520004974,0.9977753843947591
30,58.056069616012756,17611.892521755002,17388.107478244998,220.97196519199363,279.0280348080064,0.9963711033005106
30,57.74253336981196,17611.794541678068,17388.205458321932,221.12873331509402,278.871266684906,0.9971149680511995
30,57.899089259873016,17611.84346539371,17388.15653460629,221.0504553700635,278.9495446299365,0.996755659487967
30,64,18113.75,17886.25,218.0,282.0,0.9626357278864854
30,32.0,18103.75,17896.25,234.0,266.0,0.9988977226239496
30,45.254833995939045,18107.89213562373,17892.10786437627,227.37258300203047,272.62741699796953,0.9986210990538076
30,53.817370576237735,18110.567928305074,17889.432071694926,223.09131471188113,276.9086852881189,0.9998425130895592
30,58.68825876509896,18112.090080864094,17887.909919135906,220.65587061745052,279.34412938254945,0.9946307412731767
30,56.20006913194558,18111.312521603733,17888.687478396267,221.8999654340272,278.1000345659728,0.9994776334174533
30,57.43069040009943,18111.697090750033,17888.302909249967,221.2846547999503,278.71534520004974,0.9978724627640543
30,58.056069616012756,18111.892521755002,17888.107478244998,220.97196519199363,279.0280348080064,0.9964548211335531
30,57.74253336981196,18111.794541678068,17888.205458321932,221.12873331509402,278.871266684906,0.9971774575735046
30,57.899089259873016,18111.84346539371,17888.15653460629,221.0504553700635,278.9495446299365,0.9968283420270516
30,64,18613.75,18386.25,218.0,282.0,0.9633449551376831
30,32.0,18603.75,18396.25,234.0,266.0,0.9987307489323511
30,45.254833995939045,18607.89213562373,18392.10786437627,227.37258300203047,272.62741699796953,0.9989457079980106
30,53.817370576237735,18610.567928305074,18389.432071694926,223.09131471188113,276.9086852881189,0.9998554411892178
30,58.68825876509896,18612.090080864094,18387.909919135906,220.65587061745052,279.34412938254945,0.9947186223379549
30,56.20006913194558,18611.312521603733,18388.687478396267,221.8999654340272,278.1000345659728,0.9994761490275406
30,57.43069040009943,18611.697090750033,18388.302909249967,221.2846547999503,278.71534520004974,0.9978754746051812
30,58.056069616012756,18611.892521755002,18388.107478244998,220.97196519199363,279.0280348080064,0.996571244625357
30,57.74253336981196,18611.794541678068,18388.205458321932,221.12873331509402,278.871266684906,0.997265439233425
30,57.899089259873016,18611.84346539371,18388.15653460629,221.0504553700635,278.9495446299365,0.9969296970726105
30,64,19113.75,18886.25,218.0,282.0,0.9643464720218502
30,32.0,19103.75,18896.25,234.0,266.0,0.9985961503818563
30,45.254833995939045,19107.89213562373,18892.10786437627,227.37258300203047,272.62741699796953,0.999208904183731
30,53.817370576237735,19110.567928305074,18889.432071694926,223.09131471188113,276.9086852881189,0.9998892218092013
30,58.68825876509896,19112.090080864094,18887.909919135906,220.65587061745052,279.34412938254945,0.9948678032934202
30,56.20006913194558,19111.312521603733,18888.687478396267,221.8999654340272,278.1000345659728,0.9994973248580563
30,57.43069040009943,19111.697090750033,18888.302909249967,221.2846547999503,278.71534520004974,0.9978968674863226
30,58.056069616012756,19111.892521755002,18888.107478244998,220.97196519199363,279.0280348080064,0.9966278147724466
30,57.74253336981196,19111.794541678068,18888.205458321932,221.12873331509402,278.871266684906,0.9973066176997949
30,57.899089259873016,19111.84346539371,18888.15653460629,221.0504553700635,278.9495446299365,0.9969784904368895
30,64,19613.75,19386.25,218.0,282.0,0.9653622436514078
30,32.0,19603.75,19396.25,234.0,266.0,0.9985343367461964
30,45.254833995939045,19607.89213562373,19392.10786437627,227.37258300203047,272.62741699796953,0.9994333826234576
30,53.817370576237735,19610.567928305074,19389.432071694926,223.09131471188113,276.9086852881189,0.9999088585845382
30,58.68825876509896,19612.090080864094,19387.909919135906,220.65587061745052,279.34412938254945,0.9950292994630385
30,56.20006913194558,19611.312521603733,19388.687478396267,221.8999654340272,278.1000345659728,0.999468076561554
30,57.43069040009943,19611.697090750033,19388.302909249967,221.2846547999503,278.71534520004974,0.9979740866788235
30,58.056069616012756,19611.892521755002,19388.107478244998,220.97196519199363,279.0280348080064,0.9967082250397696
30,57.74253336981196,19611.794541678068,19388.205458321932,221.12873331509402,278.871266684906,0.9973664009285503
30,57.899089259873016,19611.84346539371,19388.15653460629,221.0504553700635,278.9495446299365,0.9970467713335658
30,64,20113.75,19886.25,218.0,282.0,0.9655679770620451
30,32.0,20103.75,19896.25,234.0,266.0,0.9983162005702607
30,45.254833995939045,20107.89213562373,19892.10786437627,227.37258300203047,272.62741699796953,0.9996141129663191
30,53.817370576237735,20110.567928305074,19889.432071694926,223.09131471188113,276.9086852881189,0.9999194174565594
30,58.68825876509896,20112.090080864094,19887.909919135906,220.65587061745052,279.34412938254945,0.9952583741024823
30,56.20006913194558,20111.312521603733,19888.687478396267,221.8999654340272,278.1000345659728,0.99949019999529
30,57.43069040009943,20111.697090750033,19888.302909249967,221.2846547999503,278.71534520004974,0.9979971927475874
30,58.056069616012756,20111.892521755002,19888.107478244998,220.97196519199363,279.0280348080064,0.9967978339189354
30,57.74253336981196,20111.794541678068,19888.205458321932,221.12873331509402,278.871266684906,0.9974403249926111
30,57.899089259873016,20111.84346539371,19888.15653460629,221.0504553700635,278.9495446299365,0.9971300150875382
30,64,20613.75,20386.25,218.0,282.0,0.9662455224881439
30,32.0,20603.75,20396.25,234.0,266.0,0.9982508043732923
30,45.254833995939045,20607.89213562373,20392.10786437627,227.37258300203047,272.62741699796953,0.9997458363119252
30,53.817370576237735,20610.567928305074,20389.432071694926,223.09131471188113,276.9086852881189,0.9999354947977688
30,58.68825876509896,20612.090080864094,20387.909919135906,220.65587061745052,279.34412938254945,0.9951174966766774
30,56.20006913194558,20611.312521603733,20388.687478396267,221.8999654340272,278.1000345659728,0.9994726850085468
30,57.43069040009943,20611.697090750033,20388.302909249967,221.2846547999503,278.71534520004974,0.9980799198323207
30,58.056069616012756,20611.892521755002,20388.107478244998,220.97196519199363,279.0280348080064,0.9968227675606589
30,57.74253336981196,20611.794541678068,20388.205458321932,221.12873331509402,278.871266684906,0.9975549849083161
30,57.899089259873016,20611.84346539371,20388.15653460629,221.0504553700635,278.9495446299365,0.9972674227423661
30,64,21113.75,20886.25,218.0,282.0,0.9670443740419766
30,32.0,21103.75,20896.25,234.0,266.0,0.998104617693056
30,45.254833995939045,21107.89213562373,20892.10786437627,227.37258300203047,272.62741699796953,0.9998469193788362
30,53.817370576237735,21110.567928305074,20889.432071694926,223.09131471188113,276.9086852881189,0.9999522509556864
30,58.68825876509896,21112.090080864094,20887.909919135906,220.65587061745052,279.34412938254945,0.9952715234803211
30,56.20006913194558,21111.312521603733,20888.687478396267,221.8999654340272,278.1000345659728,0.9994875922047194
30,57.43069040009943,21111.697090750033,20888.302909249967,221.2846547999503,278.71534520004974,0.9980811234568827
30,58.056069616012756,21111.892521755002,20888.107478244998,220.97196519199363,279.0280348080064,0.9968006922054262
30,57.74253336981196,21111.794541678068,20888.205458321932,221.12873331509402,278.871266684906,0.9975662484279276
30,57.899089259873016,21111.84346539371,20888.15653460629,221.0504553700635,278.9495446299365,0.9972979448851609
30,64,21613.75,21386.25,218.0,282.0,0.9676468657639974
30,32.0,21603.75,21396.25,234.0,266.0,0.9979194765563484
30,45.254833995939045,21607.89213562373,21392.10786437627,227.37258300203047,272.62741699796953,0.9999175179709595
30,53.817370576237735,21610.567928305074,21389.432071694926,223.09131471188113,276.9086852881189,0.9999609162630725
30,58.68825876509896,21612.090080864094,21387.909919135906,220.65587061745052,279.34412938254945,0.9954028462243052
30,56.20006913194558,21611.312521603733,21388.687478396267,221.8999654340272,278.1000345659728,0.9994951013580735
30,57.43069040009943,21611.697090750033,21388.302909249967,221.2846547999503,278.71534520004974,0.9981749916197908
30,58.056069616012756,21611.892521755002,21388.107478244998,220.97196519199363,279.0280348080064,0.9968924247978829
30,57.74253336981196,21611.794541678068,21388.205458321932,221.12873331509402,278.871266684906,0.9975038326573108
30,57.899089259873016,21611.84346539371,21388.15653460629,221.0504553700635,278.9495446299365,0.9972084113777446
30,64,22113.75,21886.25,218.0,282.0,0.9683550318559881
30,32.0,22103.75,21896.25,234.0,266.0,0.9978457678221897
30,45.254833995939045,22107.89213562373,21892.10786437627,227.37258300203047,272.62741699796953,0.9999634569391137
30,53.817370576237735,22110.567928305074,21889.432071694926,223.09131471188113,276.9086852881189,0.9999691251504237
30,58.68825876509896,22112.090080864094,21887.909919135906,220.65587061745052,279.34412938254945,0.9954405666743874
30,56.20006913194558,22111.312521603733,21888.687478396267,221.8999654340272,278.1000345659728,0.999489601044609
30,57.43069040009943,22111.697090750033,21888.302909249967,221.2846547999503,278.71534520004974,0.9980759211308718
30,58.056069616012756,22111.892521755002,21888.107478244998,220.97196519199363,279.0280348080064,0.9969662614241039
30,57.74253336981196,22111.794541678068,21888.205458321932,221.12873331509402,278.871266684906,0.9975600474853923
30,57.899089259873016,22111.84346539371,21888.15653460629,221.0504553700635,278.9495446299365,0.9972729267030673
30,64,22613.75,22386.25,218.0,282.0,0.9685359029458427
30,32.0,22603.75,22396.25,234.0,266.0,0.9977236603143412
30,45.254833995939045,22607.89213562373,22392.10786437627,227.37258300203047,272.62741699796953,0.9999888420861496
30,53.817370576237735,22610.567928305074,22389.432071694926,223.09131471188113,276.9086852881189,0.9999746175262141
30,58.68825876509896,22612.090080864094,22387.909919135906,220.65587061745052,279.34412938254945,0.995539580656173
30,56.20006913194558,22611.312521603733,22388.687478396267,221.8999654340272,278.1000345659728,0.9995036266503257
30,57.43069040009943,22611.697090750033,22388.302909249967,221.2846547999503,278.71534520004974,0.9981176038480488
30,58.056069616012756,22611.892521755002,22388.107478244998,220.97196519199363,279.0280348080064,0.997013941317646
30,58.3713083330257,22611.991033854072,22388.008966145928,220.81434583348715,279.18565416651285,0.99635267890537
30,58.21347558907547,22611.941711121584,22388.058288878416,220.89326220546226,279.1067377945377,0.9966929385374116
30,64,23113.75,22886.25,218.0,282.0,0.9690466999486037
30,32.0,23103.75,22896.25,234.0,266.0,0.9975811255015953
30,45.254833995939045,23107.89213562373,22892.10786437627,227.37258300203047,272.62741699796953,0.9999999072297222
30,53.817370576237735,23110.567928305074,22889.432071694926,223.09131471188113,276.9086852881189,0.9999795875376423
30,58.68825876509896,23112.090080864094,22887.909919135906,220.65587061745052,279.34412938254945,0.9956289226229327
30,56.20006913194558,23111.312521603733,22888.687478396267,221.8999654340272,278.1000345659728,0.9995136369349391
30,57.43069040009943,23111.697090750033,22888.302909249967,221.2846547999503,278.71534520004974,0.9981389765954831
30,58.056069616012756,23111.892521755002,22888.107478244998,220.97196519199363,279.0280348080064,0.9970765421563716
30,58.3713083330257,23111.991033854072,22888.008966145928,220.81434583348715,279.18565416651285,0.996428213460656
30,58.21347558907547,23111.941711121584,22888.058288878416,220.89326220546226,279.1067377945377,0.996759654545184
30,64,23613.75,23386.25,218.0,282.0,0.9695261825305785
30,32.0,23603.75,23396.25,234.0,266.0,0.9974963109092041
30,45.254833995939045,23607.89213562373,23392.10786437627,227.37258300203047,272.62741699796953,0.9999945536255416
30,53.817370576237735,23610.567928305074,23389.432071694926,223.09131471188113,276.9086852881189,0.9999834961543048
30,58.68825876509896,23612.090080864094,23387.909919135906,220.65587061745052,279.34412938254945,0.995689383373562
30,56.20006913194558,23611.312521603733,23388.687478396267,221.8999654340272,278.1000345659728,0.9995228515356036
30,57.43069040009943,23611.697090750033,23388.302909249967,221.2846547999503,278.71534520004974,0.9981668910653391
30,58.056069616012756,23611.892521755002,23388.107478244998,220.97196519199363,279.0280348080064,0.9971254710395767
30,58.3713083330257,23611.991033854072,23388.008966145928,220.81434583348715,279.18565416651285,0.9964956376571108
30,58.21347558907547,23611.941711121584,23388.058288878416,220.89326220546226,279.1067377945377,0.9968193099419289
30,64,24113.75,23886.25,218.0,282.0,0.9698997416376711
30,32.0,24103.75,23896.25,234.0,266.0,0.9973997489802602
30,45.254833995939045,24107.89213562373,23892.10786437627,227.37258300203047,272.62741699796953,0.9999732390734906
30,53.817370576237735,24110.567928305074,23889.432071694926,223.09131471188113,276.9086852881189,0.999986787199665
30,58.68825876509896,24112.090080864094,23887.909919135906,220.65587061745052,279.34412938254945,0.9957527949957087
30,56.20006913194558,24111.312521603733,23888.687478396267,221.8999654340272,278.1000345659728,0.9995312141174156
30,57.43069040009943,24111.697090750033,23888.302909249967,221.2846547999503,278.71534520004974,0.99818985507527
30,58.056069616012756,24111.892521755002,23888.107478244998,220.97196519199363,279.0280348080064,0.9971668316455482
30,58.3713083330257,24111.991033854072,23888.008966145928,220.81434583348715,279.18565416651285,0.9965484928633142
30,58.21347558907547,24111.941711121584,23888.058288878416,220.89326220546226,279.1067377945377,0.9968662167114478
30,64,24613.75,24386.25,218.0,282.0,0.9703903254070307
30,32.0,24603.75,24396.25,234.0,266.0,0.9972906691685235
30,45.254833995939045,24607.89213562373,24392.10786437627,227.37258300203047,272.62741699796953,0.9999427523492823
30,53.817370576237735,24610.567928305074,24389.432071694926,223.09131471188113,276.9086852881189,0.9999933542541259
30,58.68825876509896,24612.090080864094,24387.909919135906,220.65587061745052,279.34412938254945,0.9957920181791466
30,56.20006913194558,24611.312521603733,24388.687478396267,221.8999654340272,278.1000345659728,0.9994669656346091
30,57.43069040009943,24611.697090750033,24388.302909249967,221.2846547999503,278.71534520004974,0.9982333606074008
30,58.056069616012756,24611.892521755002,24388.107478244998,220.97196519199363,279.0280348080064,0.9971962784553323
30,58.3713083330257,24611.991033854072,24388.008966145928,220.81434583348715,279.18565416651285,0.9965870076435894
30,58.21347558907547,24611.941711121584,24388.058288878416,220.89326220546226,279.1067377945377,0.9968996963990269
